rn,D08,R08
0,1950,357
1,1218,325
2,1213,609
3,1036,220
4,1881,340
5,1693,55
6,3066,412
8,1526,549
9,1060,634
10,2731,1085
12,2053,842
13,2592,1666
14,992,729
15,2742,1597
19,2615,894
21,2818,1039
24,1655,626
25,1557,693
26,1595,881
27,2106,1466
28,1701,1136
29,964,1813
30,1173,1598
33,2916,3371
34,578,531
35,3125,2403
37,2760,617
39,2349,2398
40,3051,1707
41,963,974
42,710,519
43,1355,1769
44,466,653
45,2417,2799
46,2082,2211
47,1211,1204
48,1032,1515
49,1842,1889
50,932,1312
51,1039,341
52,735,216
53,1144,736
54,490,294
56,422,2005
57,824,3315
58,924,2304
59,156,1048
60,591,2805
61,986,3034
62,551,1958
63,629,3049
64,853,2457
65,198,569
66,485,1054
67,654,1132
69,631,1146
70,908,2280
71,459,873
73,1071,1373
74,485,743
75,973,2610
76,1271,3289
77,843,2987
78,157,559
79,866,2748
80,441,1475
81,487,1578
82,1111,111
83,889,248
84,491,413
85,468,1327
86,321,728
87,1259,1745
88,563,1067
89,544,886
90,393,1523
92,368,954
93,724,1769
95,671,1660
96,533,1881
98,450,1252
99,461,1220
101,240,743
102,628,1437
103,826,1358
104,884,2392
105,1155,3044
106,565,1342
107,289,792
109,20,71
110,643,999
112,855,1267
113,377,588
115,415,759
117,605,1237
119,806,1485
120,587,1253
121,477,763
122,456,540
123,185,361
124,1081,1597
125,1463,2006
126,380,124
127,74,51
128,1205,1217
129,440,51
130,220,14
131,590,915
132,424,505
133,301,482
134,747,1412
135,607,939
136,1271,1779
137,303,487
138,1068,2140
139,752,1440
140,846,981
141,740,992
142,219,538
143,304,480
144,534,1100
145,1381,2999
146,590,788
147,28,44
148,81,133
149,1364,1718
150,389,540
151,541,712
152,759,1138
153,136,128
154,608,640
155,201,169
156,607,786
157,1181,360
158,237,535
159,1481,2193
160,51,101
161,224,211
162,1271,1211
163,806,822
165,929,972
166,812,841
167,731,858
168,939,1764
169,506,612
170,1321,1477
171,0,0
172,660,854
174,1347,2089
175,484,686
176,955,1523
177,603,1119
178,673,813
179,697,1215
180,641,1180
181,598,1038
183,1037,1636
184,46,94
186,1342,1737
187,523,804
189,279,383
190,646,752
192,1009,1058
194,559,1008
196,786,1209
197,628,1689
198,691,955
201,819,1866
202,1013,1479
203,1266,2782
204,1829,2902
205,1347,2725
206,435,347
207,1548,1542
208,1262,1400
209,1506,1725
210,146,247
211,1010,940
212,1037,965
213,928,1010
214,1425,1550
215,1187,1192
216,1275,759
217,510,887
218,0,3
220,970,1573
221,776,880
222,503,591
223,1522,1127
224,1187,64
225,865,272
226,4,0
227,1679,28
228,1401,1052
229,1193,851
230,1249,577
231,1897,954
232,833,485
233,904,470
234,1295,869
235,333,378
236,2969,2817
237,1531,1114
238,2109,1918
239,1267,915
240,1486,1098
241,1748,1372
242,1342,747
243,2254,1282
244,887,495
245,1494,970
246,1323,779
247,1749,1067
248,1366,475
249,1596,272
250,1181,643
251,493,1273
252,247,185
253,507,662
254,1935,899
255,2038,992
257,2211,1254
258,1949,921
259,445,360
260,1641,833
261,882,488
262,1243,740
263,1446,626
264,574,382
265,1608,859
266,1356,589
267,1191,658
268,724,628
269,1181,654
270,1379,817
271,1456,773
272,1677,986
273,782,477
274,942,535
275,2655,1805
276,1913,1158
277,1451,870
278,612,478
279,1025,670
280,1411,577
281,986,449
282,777,450
283,1502,484
284,2364,403
285,1032,256
286,2151,874
287,1631,333
288,3542,965
289,2117,848
290,1083,129
291,2080,380
292,590,289
293,2454,962
294,1241,383
295,1354,420
296,830,1478
297,810,447
298,382,248
299,756,471
300,319,49
301,956,429
302,3489,101
303,1185,42
304,2,6
305,2306,200
306,742,672
307,1474,602
308,1813,710
309,2338,606
310,956,576
311,1601,922
312,804,1170
313,719,603
314,971,1325
315,365,300
316,1155,1038
317,253,380
318,1015,1288
319,1608,1722
320,467,494
321,612,643
322,456,461
323,700,679
324,377,655
325,429,527
326,683,873
327,1396,1495
328,538,545
329,902,790
331,1373,1708
332,468,421
333,666,671
334,1682,1769
335,1152,1188
336,657,793
337,1182,488
338,1032,331
339,1230,170
340,1350,203
341,2625,66
342,820,14
343,1458,18
344,2800,30
345,2929,88
346,3092,29
347,582,7
348,1445,22
349,2770,135
350,1077,104
351,1374,672
352,955,462
353,529,416
354,920,1175
355,985,759
356,722,1094
357,996,1014
358,181,76
359,523,626
360,1194,768
361,1782,919
362,1612,544
363,2470,244
364,2961,152
365,437,411
366,1207,726
367,1188,908
368,1165,706
369,620,337
370,731,465
371,932,940
372,976,490
373,1977,1010
374,1058,306
375,951,473
376,3141,169
377,1163,86
378,1051,89
379,2052,76
380,283,23
381,2325,559
382,943,142
383,993,112
384,1318,187
385,1363,669
386,738,347
387,1031,543
388,1074,843
389,785,381
390,396,115
391,1702,542
392,2157,71
393,1903,677
394,1393,459
395,913,529
396,2011,706
397,1021,362
398,997,513
399,1886,867
400,2014,724
401,2136,712
402,2401,675
403,1888,555
404,2055,690
405,1774,384
406,808,426
407,2009,995
408,1864,987
409,1304,1158
410,883,637
411,1302,260
412,1969,297
413,656,102
414,2049,360
415,847,196
416,1833,452
417,1735,129
418,1557,535
419,1347,450
420,2234,259
421,500,85
422,853,433
423,1910,615
424,1377,459
425,1926,613
426,2042,54
427,1221,23
428,772,20
429,843,71
430,728,174
431,1204,60
432,2759,103
433,603,18
434,1927,743
435,1100,575
436,1856,992
437,1889,784
438,1259,728
440,1137,467
441,1477,1058
442,2877,1443
443,987,415
444,760,711
445,531,329
446,2395,295
447,1383,1051
448,1977,1878
449,2550,1692
450,1054,588
451,1823,852
452,202,171
453,1376,714
454,1351,1153
455,1980,1083
456,1807,1453
457,1618,1454
458,519,408
459,1383,1090
460,1887,1385
461,1053,731
462,1771,2137
463,1172,861
464,1674,1303
465,1760,1346
466,1942,1410
467,872,1174
468,967,1056
469,1925,1890
470,2803,2108
471,1701,1658
472,1199,779
473,1623,1060
474,654,343
475,1163,648
476,1732,1255
477,1071,1047
478,1104,962
479,1143,923
480,1693,1053
481,2008,1187
482,1308,424
483,1049,605
484,875,686
485,1811,974
486,1575,469
488,490,337
489,763,426
490,1646,1161
491,555,371
492,523,255
493,2090,66
494,1610,1235
495,657,429
496,1208,711
497,493,162
498,1670,727
499,1482,644
500,329,73
501,1013,324
502,2417,1425
503,710,510
504,770,402
505,612,305
506,1706,860
507,1786,931
508,957,542
509,1225,713
510,1567,1134
511,1181,881
512,1025,311
513,1124,536
514,998,534
515,1000,552
516,1886,426
517,1376,302
518,1707,637
519,1041,531
520,829,364
521,1505,253
522,1108,171
523,1103,597
524,865,249
525,729,756
526,1938,1116
527,901,734
528,728,639
529,646,733
530,178,76
531,955,577
532,1123,406
533,1684,82
534,147,47
535,772,293
536,1374,452
537,2712,53
538,433,45
539,1849,294
540,2059,952
541,2053,1611
542,2107,1361
543,1159,1007
544,1570,1239
545,1883,1019
546,2033,1078
547,1824,1015
548,1821,1002
549,1212,550
550,2243,275
551,3233,262
552,2632,844
553,2986,1430
554,674,55
555,4193,2961
556,4743,2051
557,1257,778
558,1534,1205
559,1328,609
560,971,609
561,2725,1804
562,1277,914
563,1908,1040
564,977,615
565,3222,1814
566,1681,541
567,1630,346
568,1050,413
569,1444,615
570,2684,755
571,803,145
572,2572,604
573,2381,1096
574,1840,195
575,1708,330
576,1941,293
577,614,87
578,2792,335
579,826,465
581,274,828
582,442,1417
583,1105,2100
584,1097,1848
585,652,910
586,623,726
587,404,358
588,888,1737
589,575,1040
590,874,1554
591,844,1629
592,683,741
593,1408,2051
594,1942,1944
595,1392,1435
596,500,563
597,2223,1805
598,2315,2121
599,1794,1731
601,897,832
602,2600,2689
603,1249,1308
604,456,727
605,775,807
606,593,609
607,896,652
608,613,442
609,1491,1186
610,381,434
611,917,1016
612,267,291
613,431,537
614,1412,1440
615,658,918
616,1150,1323
617,488,682
618,775,1380
619,1261,1537
620,725,883
621,1740,2059
622,1581,1986
623,802,1213
624,822,736
625,618,630
626,1933,2350
627,607,742
628,1754,3079
629,1859,2875
630,1420,1942
631,1932,2523
632,844,1167
633,2299,3830
634,819,1030
635,1367,1913
636,863,1210
637,800,944
638,1940,2711
639,790,1128
641,675,891
642,780,1224
643,1991,2737
645,490,611
646,2550,3854
647,1019,982
648,905,1398
651,262,1186
652,577,3030
653,1630,3706
654,776,1854
655,2839,3256
656,1136,2632
657,527,1008
658,355,464
659,479,889
660,337,594
661,726,1358
662,962,3682
663,1889,4219
664,1612,5077
665,1093,3552
666,986,2710
667,1683,3453
668,800,2196
669,1017,1933
670,393,1690
672,255,1034
673,873,2482
674,482,1255
675,460,1430
676,1748,5725
677,1039,3478
678,837,1318
679,921,1719
680,425,654
681,411,551
683,708,1456
685,456,1444
686,719,1747
687,294,1004
689,234,85
690,845,1828
691,1174,2116
692,755,1385
694,828,1073
695,627,673
696,643,606
697,438,715
699,533,1119
700,2290,3442
702,1214,1763
703,1072,2266
704,1426,3492
705,381,401
706,330,423
707,2049,2872
708,449,771
709,678,346
710,879,642
711,731,1343
712,2115,3367
713,583,911
714,2805,4282
715,1264,2434
716,990,1296
717,914,2125
719,836,513
720,656,645
721,1551,1962
722,1121,1303
723,756,1235
724,1902,3099
725,490,699
727,657,1038
728,1081,1304
729,567,578
731,610,1175
732,715,890
733,685,1092
734,1294,1406
735,815,1321
736,429,907
737,969,2476
739,779,2091
740,412,1339
741,409,1122
742,1099,1699
743,321,341
745,633,1153
746,2057,3919
747,2540,3541
752,668,289
754,325,1161
755,1642,2203
756,1555,2100
757,584,427
758,781,1441
759,912,2920
760,498,1386
761,175,389
762,574,1723
763,690,2098
765,1435,2820
766,498,730
767,640,902
768,822,1018
769,182,188
770,394,2
771,1182,1458
772,95,281
774,570,1053
775,71,226
776,879,1755
777,975,3213
778,2061,926
779,2208,131
780,930,69
781,756,971
782,1305,1873
783,245,91
784,142,25
785,953,159
786,1112,302
788,2468,167
789,2523,26
790,520,9
792,1565,1285
793,1487,1794
794,409,815
795,324,1472
796,695,136
797,1006,1034
798,980,46
799,1864,203
801,4148,41
802,1680,13
803,594,13
804,1380,12
805,731,1801
806,1409,3581
807,761,1751
809,294,1346
810,2510,4062
811,1926,252
812,3913,226
813,1253,756
814,1052,464
815,4178,2033
816,727,1974
817,3150,90
818,2884,73
819,2188,233
820,1480,404
821,1461,267
822,1184,44
823,1788,57
824,1472,7
825,1364,7
826,2789,34
827,384,1176
828,1755,513
829,859,2457
830,1954,2552
831,859,1945
832,939,1870
833,675,203
834,1727,1605
835,591,862
836,422,933
837,424,852
838,593,900
839,1298,885
840,984,987
841,576,902
842,2062,1224
843,2797,1995
845,368,1382
847,390,864
848,1705,1712
849,674,758
850,640,775
851,756,935
853,2710,2404
854,1399,1040
855,2045,1553
856,1282,1000
858,571,1075
859,2003,2576
860,1478,2041
861,211,338
862,725,825
863,844,735
865,894,1509
866,2175,2726
867,762,1380
868,809,1472
869,578,1457
870,995,1775
871,666,762
872,592,1022
873,1547,2795
874,1358,1883
876,1962,3201
877,737,1059
878,668,1107
879,549,1807
880,1409,2408
881,1158,2803
882,624,1019
883,956,1561
884,1616,2711
885,1712,2289
886,1926,1865
888,1785,2091
889,2412,2781
890,356,1310
892,794,1953
893,2379,4336
894,1077,1393
895,2258,3399
896,1781,2835
897,603,853
898,1832,4014
899,1403,1435
900,674,385
901,826,744
902,1619,1529
903,1646,1033
904,2436,2536
905,1049,770
906,2040,2124
907,304,561
910,566,744
911,611,360
913,1214,910
914,817,1247
915,1581,1733
916,1028,2196
917,1779,1098
918,1238,1032
919,1821,2986
920,603,1067
921,781,587
922,1398,1379
923,1236,1787
924,1107,1458
926,1602,1024
927,512,1258
928,2362,4373
929,814,305
930,505,920
932,1161,2346
933,1488,1928
934,966,1103
935,736,975
936,590,832
937,696,1117
938,1077,1979
939,707,1326
941,1715,5035
942,1817,5148
943,813,1524
944,2068,3486
945,1672,2753
947,1669,1095
948,1690,576
949,2713,4265
950,1000,158
952,972,573
953,1927,306
954,839,360
956,3854,4454
957,559,810
958,1289,2942
959,701,1065
960,1442,2798
961,688,1508
962,1547,2430
963,693,962
964,634,757
965,2222,473
966,311,2594
967,1959,1856
968,850,16
969,727,30
971,884,140
972,643,333
974,410,240
975,969,1564
976,435,593
977,995,1832
978,537,1245
979,838,1757
980,720,2034
981,994,2691
982,375,1018
984,571,1037
985,1209,1312
986,419,806
987,407,788
988,699,1279
989,1401,1527
991,918,1642
992,995,597
993,2417,694
994,1717,1183
995,2249,1346
996,887,1256
997,548,1823
998,1488,3079
999,1050,1737
1002,903,1319
1003,553,1347
1004,2121,3508
1006,1144,1693
1007,1035,1492
1008,903,761
1009,752,2703
1010,884,1574
1011,1060,2740
1012,910,1823
1013,564,1482
1014,653,2397
1015,748,2695
1016,389,1169
1017,321,899
1018,440,8
1019,827,3025
1020,760,2469
1021,616,820
1022,709,804
1023,1354,1310
1024,518,924
1025,595,762
1026,612,590
1027,2281,1998
1028,1659,1220
1029,1233,1372
1030,1390,2372
1031,1024,720
1032,987,690
1033,993,835
1034,1878,1488
1035,2083,1517
1036,2053,1611
1037,920,670
1038,1960,2226
1039,1092,1137
1040,616,1253
1041,991,1211
1042,253,504
1043,700,1738
1044,621,363
1045,559,1213
1046,1171,1065
1047,2131,1212
1048,2947,505
1049,1110,673
1050,1785,723
1051,1678,903
1052,637,203
1053,2726,267
1054,1397,1260
1055,648,1955
1056,250,866
1057,214,833
1058,621,1640
1059,263,362
1060,359,518
1061,792,1236
1062,352,393
1063,171,386
1064,793,2169
1065,257,845
1066,1099,1966
1067,1284,1474
1068,701,1350
1069,377,355
1070,293,880
1071,446,847
1072,138,309
1073,373,486
1074,836,1766
1075,482,475
1076,643,1343
1077,1846,698
1078,874,1149
1079,349,760
1080,617,741
1081,1598,1223
1082,209,476
1083,1019,1407
1085,367,653
1086,1708,2357
1088,1174,1870
1089,1181,1545
1090,543,131
1092,478,687
1093,203,402
1094,1323,1935
1095,746,785
1096,1513,1593
1097,1015,1114
1098,1371,1357
1099,1382,1345
1100,1703,1991
1101,1254,1384
1102,860,779
1103,1703,1849
1104,1151,1039
1105,471,523
1106,1372,1712
1107,1500,1152
1108,711,502
1110,1594,1290
1111,1878,1742
1113,1135,938
1114,1018,861
1115,1019,867
1116,1055,911
1117,932,702
1118,766,527
1119,1680,2540
1122,1775,1390
1123,1161,973
1125,1694,2178
1126,1428,1989
1128,528,927
1129,1064,381
1130,1781,2031
1131,534,798
1133,1295,1537
1134,0,0
1135,1084,1405
1137,1387,1948
1138,417,787
1139,519,614
1140,559,380
1141,1162,1669
1142,447,355
1143,554,709
1146,2157,4232
1147,1519,3044
1148,1097,1590
1149,1022,1959
1151,0,0
1152,632,938
1153,377,917
1155,2075,691
1158,1658,394
1159,2220,608
1160,1020,662
1161,48,27
1162,1078,1075
1163,978,448
1164,157,33
1165,1417,183
1167,1904,442
1169,2769,359
1170,2327,117
1171,739,330
1172,351,97
1173,1126,692
1174,1107,671
1175,960,563
1176,626,314
1177,1678,626
1178,2291,38
1180,2170,86
1181,950,213
1183,1481,580
1184,1174,756
1185,1028,509
1186,102,66
1187,1478,938
1188,1218,624
1189,150,38
1190,1116,119
1192,1191,176
1193,2412,224
1195,2026,59
1197,1446,157
1199,400,7
1202,1012,156
1203,1586,62
1204,36,6
1205,1471,720
1206,1021,79
1207,639,472
1208,1066,538
1209,779,520
1210,1861,343
1211,1213,1453
1212,849,1098
1214,344,193
1215,1661,1809
1216,553,425
1217,975,749
1218,1855,2583
1219,651,1282
1220,1256,1988
1221,1034,907
1222,1203,1197
1223,1015,1128
1224,1008,1252
1225,838,1476
1226,706,570
1227,542,575
1228,991,893
1229,1378,1691
1230,1655,1423
1231,730,879
1232,785,839
1233,1413,939
1235,1309,1147
1238,1139,816
1239,547,1337
1240,311,766
1241,561,1675
1242,1515,2611
1243,245,710
1245,136,27
1246,1818,1548
1247,3891,2800
1249,1450,1352
1251,1101,788
1253,104,180
1254,766,1179
1255,737,403
1256,885,574
1257,1104,527
1258,1725,260
1259,1226,163
1260,1099,648
1261,1614,1490
1262,1927,1431
1263,158,75
1266,526,332
1267,2178,1284
1268,2250,549
1269,137,167
1270,211,294
1271,1731,168
1272,855,123
1273,1216,252
1274,130,51
1275,777,239
1276,986,619
1278,1455,2215
1279,723,1272
1280,1918,1649
1281,1507,734
1282,2399,1824
1285,1688,1395
1287,907,1626
1288,1364,1258
1289,1075,1572
1290,116,171
1291,276,487
1292,777,894
1293,1570,1415
1294,285,294
1295,918,890
1296,740,1025
1297,642,749
1298,1259,1956
1299,814,1216
1300,643,739
1301,748,1021
1302,1480,1869
1304,435,348
1305,1692,1525
1306,1418,958
1307,1410,946
1308,1575,803
1310,1904,1814
1312,1362,1297
1313,719,515
1314,1720,2985
1317,507,506
1318,1875,2036
1319,630,765
1320,1711,2612
1321,1312,2641
1322,264,445
1323,2393,2991
1324,1774,2129
1325,955,1226
1326,1060,1241
1327,950,713
1328,959,859
1329,1109,664
1331,1151,847
1332,1180,1105
1333,867,562
1334,960,529
1335,1535,1209
1336,1053,768
1337,1551,608
1338,1177,748
1339,1512,723
1340,1013,950
1342,1037,1109
1343,1177,1252
1344,1037,969
1345,927,311
1346,861,605
1347,1384,788
1348,1324,986
1351,977,623
1352,217,195
1353,924,227
1354,905,611
1355,1237,1093
1356,1837,2539
1357,925,882
1358,254,269
1359,1406,1471
1360,1096,1318
1361,1099,1328
1362,1423,1761
1363,300,353
1364,57,41
1366,1115,1029
1367,1939,2435
1368,87,146
1369,859,744
1371,720,1426
1372,450,946
1374,761,1488
1375,667,1240
1376,490,788
1377,1205,1047
1380,1633,349
1381,484,705
1382,535,797
1383,180,630
1384,724,516
1385,276,685
1386,1006,1758
1388,793,1201
1389,1339,2154
1390,1746,2420
1391,805,1977
1392,1322,2272
1393,692,458
1394,1184,1032
1395,770,1031
1396,1171,1227
1397,887,1130
1399,641,343
1400,1447,686
1401,314,194
1404,2450,1618
1405,1759,1133
1406,997,806
1408,1659,2451
1409,927,1374
1411,1349,1207
1412,870,1150
1413,693,981
1414,1857,3088
1415,295,433
1416,1204,423
1417,0,0
1418,1338,395
1419,1,5
1421,327,303
1422,1960,510
1423,2143,725
1424,1500,1421
1425,85,115
1426,707,915
1428,1252,705
1429,334,375
1430,1486,968
1431,448,1248
1432,995,1038
1434,386,458
1438,1502,1062
1439,2605,2073
1440,2071,2087
1441,1259,1284
1442,191,474
1443,281,856
1444,2021,3505
1446,392,519
1447,333,564
1450,1361,2131
1451,1009,1490
1452,913,1272
1453,1220,1556
1454,121,214
1455,129,189
1457,946,1807
1458,244,326
1459,753,981
1461,655,598
1462,320,799
1463,708,1624
1464,1519,1191
1465,860,1226
1467,0,0
1469,71,117
1470,1240,815
1471,139,56
1475,440,2516
1476,447,2011
1477,57,319
1478,502,2187
1479,400,480
1480,249,502
1481,125,217
1482,416,50
1484,127,244
1485,111,271
1486,207,713
1487,341,682
1488,270,1111
1489,234,205
1490,229,484
1491,453,705
1492,180,384
1493,118,226
1494,844,942
1495,160,328
1496,813,1740
1497,67,164
1498,181,293
1499,661,955
1500,374,853
1501,454,544
1502,264,368
1503,217,326
1504,438,699
1505,138,212
1506,398,605
1507,856,1204
1508,94,195
1509,594,815
1510,418,553
1511,444,1569
1512,495,811
1513,1201,1589
1514,1187,892
1516,990,1201
1517,480,1263
1518,1319,3383
1519,541,1639
1520,1680,1183
1521,1276,1467
1522,1132,1147
1523,83,527
1524,557,2150
1525,412,715
1526,444,634
1527,1617,2446
1528,857,1671
1529,1209,1802
1530,514,1015
1531,1947,3357
1532,599,717
1534,2298,2852
1535,1349,1175
1536,663,630
1537,924,1433
1538,569,981
1539,322,401
1540,336,490
1541,1403,1962
1542,1054,1718
1543,944,1834
1544,702,787
1545,885,1619
1546,1499,1966
1547,451,803
1548,916,1910
1549,1066,1190
1551,1971,1348
1552,740,746
1554,848,1072
1555,712,972
1556,434,662
1557,610,957
1558,608,841
1559,221,377
1560,1252,1467
1561,1229,2136
1562,743,868
1563,470,650
1564,635,94
1565,2466,3562
1566,2295,3466
1567,1787,2831
1568,597,1310
1569,1059,1825
1570,833,1355
1571,2029,2362
1572,1083,1254
1573,857,1785
1574,1932,2093
1575,1823,1854
1576,2581,2360
1577,1058,1780
1578,2323,2485
1579,1648,1865
1580,5119,4306
1581,916,642
1582,1679,248
1583,315,315
1587,569,153
1588,2447,49
1590,942,900
1591,1241,1867
1592,871,813
1593,740,252
1594,930,372
1595,335,148
1596,934,1506
1597,497,513
1598,924,786
1599,598,900
1600,327,456
1601,609,368
1602,1056,1188
1603,725,1103
1604,779,721
1605,1408,1770
1606,1105,1544
1607,765,861
1608,1281,1489
1609,1127,1432
1610,501,1065
1611,770,1647
1612,1654,1418
1613,1038,1778
1614,624,955
1616,409,478
1617,699,994
1619,1259,1510
1620,605,1326
1621,670,846
1622,1927,1716
1623,456,936
1624,1556,1867
1625,1267,1223
1627,1937,2126
1628,1385,1646
1629,1310,1290
1630,1721,2221
1631,592,970
1632,837,867
1633,1342,1309
1634,954,1076
1635,1732,1758
1636,1427,2359
1637,2132,3044
1638,1810,2466
1639,2038,2360
1641,1465,1686
1642,705,770
1643,1918,2299
1644,567,818
1646,845,1567
1647,1115,1833
1648,489,859
1650,1006,1542
1651,1151,1637
1652,1379,1586
1653,442,800
1654,365,795
1655,1064,1221
1656,728,872
1658,512,738
1660,993,1310
1661,696,708
1662,401,776
1663,439,1006
1664,556,646
1666,458,676
1667,488,1361
1668,829,1040
1669,1007,765
1671,639,1586
1673,309,604
1674,2022,3182
1675,2343,3116
1677,664,1364
1679,797,1178
1683,1980,1991
1687,1219,874
1688,1795,1637
1689,885,1103
1693,989,1080
1694,978,896
1696,1092,606
1697,731,577
1698,734,580
1701,545,456
1702,856,673
1706,1282,858
1708,600,784
1710,1209,1891
1711,1471,1828
1715,630,963
1716,1359,1468
1717,627,609
1718,556,1976
1720,1260,2720
1721,1062,1527
1722,1216,2092
1724,1792,2426
1725,1862,2769
1726,738,1402
1727,1521,1586
1728,476,373
1729,387,461
1730,1135,1670
1732,530,670
1733,563,786
1734,515,1103
1736,229,581
1737,928,1304
1739,1210,1745
1740,145,263
1741,1273,1636
1742,790,971
1745,271,635
1748,2066,1064
1749,888,236
1750,1171,406
1751,1016,239
1752,2200,21
1753,360,221
1754,613,36
1755,431,116
1756,910,530
1757,2420,1557
1758,752,348
1759,1793,883
1760,567,201
1761,2165,133
1764,2263,59
1765,1397,17
1766,2183,1160
1767,2712,237
1768,570,103
1769,1532,761
1770,1751,650
1771,731,598
1772,3064,2619
1773,1027,145
1774,2756,497
1775,341,16
1776,2154,518
1777,100,28
1778,1988,539
1779,1099,435
1780,1665,439
1781,1431,850
1782,2118,479
1783,2432,875
1784,1481,657
1785,2116,1043
1786,935,996
1787,431,442
1788,1138,1293
1789,1591,1385
1790,1376,957
1791,724,528
1792,746,336
1793,1563,1899
1794,1844,1631
1795,507,541
1796,1244,1894
1797,2260,3337
1798,1092,1449
1799,1341,1332
1800,1011,1384
1801,1589,2176
1802,1959,1268
1803,774,786
1804,2954,2786
1805,973,415
1806,2435,1340
1807,963,828
1808,464,531
1809,1734,1868
1810,1559,621
1811,591,713
1812,1167,1185
1813,891,938
1814,649,563
1815,792,1527
1816,365,497
1817,1178,1832
1818,681,1198
1819,594,1705
1820,390,784
1821,489,918
1822,1406,2763
1823,982,917
1824,626,1140
1826,188,740
1827,707,1599
1828,592,1114
1829,887,807
1830,772,876
1831,319,35
1832,1700,1712
1833,433,452
1834,756,168
1835,897,501
1837,847,843
1838,725,767
1839,843,673
1840,528,161
1841,585,385
1842,454,378
1843,264,259
1845,1156,742
1846,475,661
1847,630,900
1848,1782,2043
1849,892,1342
1850,820,902
1851,598,679
1852,614,901
1853,1172,1305
1854,668,567
1855,536,437
1856,827,760
1857,462,98
1858,923,363
1859,582,716
1860,2245,1273
1861,738,965
1862,2825,2831
1863,738,709
1864,1895,2102
1865,1260,1187
1866,1224,1496
1867,548,483
1868,1242,1287
1869,1640,1805
1870,1256,1636
1871,1056,909
1872,624,628
1873,844,954
1874,189,193
1875,610,775
1876,1432,2178
1877,1538,2288
1878,890,1229
1879,361,652
1880,619,789
1881,494,721
1882,1696,599
1883,1157,395
1884,767,1081
1885,529,523
1886,368,326
1887,804,1005
1889,1676,2089
1890,527,816
1891,278,323
1892,748,797
1893,701,1510
1894,842,1049
1895,1557,2141
1896,1577,2195
1898,1137,2101
1899,1104,1390
1900,1151,1606
1901,3334,4085
1902,567,1009
1903,645,1579
1904,685,800
1905,913,1498
1906,2039,3425
1907,710,1434
1909,1106,1947
1910,651,977
1911,1621,2453
1912,1791,1458
1913,1110,1794
1914,471,636
1915,242,423
1916,685,1324
1917,166,295
1918,366,720
1919,570,947
1920,1013,1443
1921,430,583
1922,525,686
1923,598,742
1924,1798,3113
1925,3742,6423
1926,2787,4314
1927,1289,1708
1928,1676,2201
1929,222,332
1930,3210,1786
1931,2130,1855
1932,2481,3051
1933,1022,2199
1934,1355,1547
1935,470,836
1936,1325,2020
1937,792,1011
1938,1392,585
1939,3538,3530
1940,862,342
1942,614,781
1943,1946,3301
1944,458,617
1945,1231,1099
1946,1070,1332
1947,1346,340
1948,393,355
1949,1590,173
1950,708,12
1951,336,473
1952,819,1078
1954,981,1811
1955,1140,2206
1956,437,1122
1957,997,1554
1958,1006,1686
1959,1057,1824
1960,970,1582
1961,864,1797
1962,1585,2016
1963,997,813
1964,1606,1537
1965,810,1056
1966,1238,1614
1967,666,949
1968,1869,2503
1969,1427,1967
1970,1344,1963
1971,1631,2392
1974,594,1330
1975,952,1037
1976,1073,1317
1977,1600,1916
1978,1998,1977
1979,513,893
1980,1001,1325
1981,932,1711
1982,841,1616
1983,614,1075
1984,1286,2207
1987,494,720
1988,1479,999
1989,1439,1345
1990,2578,3237
1992,2341,2922
1994,1085,1434
1995,1124,1475
1996,970,1249
1997,1527,1835
2001,377,784
2002,1835,1958
2003,734,1470
2004,979,1299
2005,3369,5205
2006,804,423
2007,386,457
2009,781,721
2010,1338,736
2011,1525,979
2012,175,281
2013,0,0
2014,2598,1341
2015,186,179
2018,442,393
2019,683,132
2020,780,798
2022,1260,854
2023,519,281
2024,1901,1099
2027,318,118
2028,1323,992
2029,37,1
2030,791,419
2031,1386,493
2032,1577,195
2033,3036,266
2034,1745,198
2035,1511,327
2037,1720,998
2038,805,351
2039,1311,134
2041,2116,173
2042,532,63
2043,1692,244
2044,413,95
2045,1523,166
2046,1357,260
2047,2792,362
2048,1215,171
2049,881,136
2050,2083,242
2051,2089,36
2052,2738,61
2053,3142,178
2054,386,16
2055,2593,166
2056,1518,126
2057,2699,190
2058,1326,46
2060,357,12
2061,2677,182
2062,2794,233
2063,2232,270
2064,483,25
2065,509,785
2066,337,767
2067,797,1775
2068,481,1142
2069,522,1242
2070,647,1328
2071,416,1071
2072,455,1011
2073,615,1148
2074,871,1631
2076,1062,2413
2077,426,937
2079,621,1368
2080,607,807
2081,600,1249
2082,647,1496
2083,0,0
2085,497,909
2086,1482,824
2087,3005,398
2088,981,89
2089,2829,73
2090,911,24
2091,2288,59
2092,1018,36
2093,972,66
2094,961,182
2095,2599,327
2096,902,61
2097,2547,604
2098,1475,179
2099,1864,889
2100,1522,582
2101,716,535
2102,1074,263
2103,2033,320
2105,1662,94
2106,1419,6
2107,1501,14
2108,620,1177
2109,125,330
2111,861,1374
2112,1278,85
2113,1083,36
2114,433,460
2115,2723,90
2116,1297,16
2117,990,28
2118,1477,22
2119,1222,15
2120,1741,25
2121,1780,64
2122,954,37
2123,627,61
2124,853,373
2125,770,85
2126,2552,110
2127,2777,40
2128,1126,851
2129,328,179
2130,399,157
2131,580,103
2132,376,30
2133,1447,280
2135,1177,503
2136,751,228
2137,831,221
2139,1525,473
2140,463,172
2141,678,721
2142,487,335
2143,562,54
2144,2609,137
2145,515,268
2146,1035,1107
2147,532,104
2149,211,84
2153,1409,795
2154,482,707
2155,1285,1141
2156,861,544
2157,1770,1036
2159,806,492
2161,723,537
2162,435,626
2163,387,281
2164,939,464
2165,463,219
2167,1010,1082
2168,580,654
2169,1090,1058
2170,232,180
2171,246,249
2172,968,877
2173,1996,848
2174,547,189
2175,494,237
2176,255,199
2177,471,216
2178,795,282
2179,1140,290
2180,927,296
2182,1976,1300
2183,913,369
2184,1177,315
2185,140,177
2186,766,914
2187,636,685
2188,739,748
2190,1254,1571
2191,1015,1209
2192,812,952
2194,688,1196
2195,323,606
2196,853,1403
2197,399,568
2199,763,944
2201,981,953
2203,578,713
2207,398,433
2208,611,1030
2209,579,737
2211,612,1223
2212,0,0
2213,497,1086
2214,605,1542
2215,669,1153
2216,476,917
2217,1028,2403
2218,589,1256
2219,748,1635
2220,556,1222
2221,504,996
2222,419,752
2223,1086,1892
2224,837,1465
2225,1031,1421
2226,1488,1862
2227,539,629
2228,478,569
2229,705,573
2230,872,564
2231,650,1389
2232,721,1276
2234,359,589
2235,452,706
2236,550,1021
2237,604,989
2238,531,613
2239,452,643
2240,750,844
2241,1656,1177
2243,1820,1517
2244,1013,665
2249,2009,1011
2250,249,238
2251,1004,1308
2252,615,757
2253,1555,1822
2254,989,179
2256,843,310
2257,1306,97
2258,2169,982
2259,1626,1868
2260,814,1021
2262,135,122
2263,1359,306
2264,540,474
2265,104,125
2266,1703,1137
2267,878,2044
2268,1801,2849
2269,1102,1098
2271,255,278
2273,2591,2565
2274,1004,1082
2275,893,688
2276,1027,1210
2277,955,814
2278,1513,2111
2279,1562,1532
2280,1643,1517
2281,888,849
2282,445,589
2283,1308,999
2284,1732,1665
2285,498,420
2286,1814,1476
2287,4063,109
2288,1422,1100
2289,2572,653
2290,2223,406
2291,1409,299
2292,1063,16
2293,1477,1889
2294,1492,2219
2295,1652,1573
2296,1147,894
2297,1592,1444
2298,1801,1571
2299,1532,1532
2300,703,821
2301,1559,1543
2303,1148,806
2304,1029,2237
2305,762,1526
2306,498,1038
2307,1161,2293
2308,774,1477
2309,807,1597
2310,767,2116
2311,956,2446
2312,515,1108
2313,448,1198
2314,753,1766
2315,1078,2901
2316,955,1419
2317,251,769
2318,400,889
2319,975,2349
2320,2299,2019
2321,1648,1701
2322,794,868
2323,514,685
2324,637,1680
2326,1093,1689
2328,822,879
2331,1174,1051
2332,667,790
2333,572,765
2334,530,554
2336,2318,1968
2337,4,4
2338,507,624
2339,1076,923
2341,35,70
2342,0,0
2346,448,811
2347,193,635
2348,943,1752
2349,905,1747
2350,587,714
2351,746,1173
2352,684,1346
2353,938,2288
2354,695,711
2355,1255,1601
2356,920,1269
2358,3326,176
2359,1633,80
2360,3084,84
2361,1644,38
2362,1996,170
2363,1123,697
2364,1860,896
2365,1051,390
2366,891,426
2367,1662,243
2368,0,0
2369,1648,373
2370,2707,442
2371,212,38
2372,2639,141
2373,2774,54
2374,1173,20
2375,3444,123
2376,1217,70
2377,3124,147
2378,1863,1021
2379,2512,243
2380,2453,739
2381,1995,286
2382,1057,30
2383,3120,119
2384,1100,515
2385,678,416
2386,839,487
2388,0,0
2389,200,390
2390,2516,1682
2391,1208,411
2392,2602,600
2393,279,202
2394,0,0
2395,1424,538
2396,1315,1807
2397,10,18
2398,1509,278
2399,1999,1745
2400,2393,1429
2401,530,342
2402,625,248
2404,696,383
2405,3165,2031
2406,1763,99
2407,0,0
2408,976,536
2409,348,191
2410,885,219
2411,1386,275
2412,529,294
2413,1849,833
2414,0,0
2415,1214,737
2416,1203,878
2417,0,0
2418,0,0
2419,0,0
2420,1134,1364
2421,842,831
2422,1053,778
2423,2522,175
2424,1919,1201
2425,635,206
2426,143,110
2427,614,885
2428,1989,846
2429,1472,774
2430,750,329
2431,1181,914
2433,2359,1419
2434,876,1564
2435,2171,1749
2436,748,1186
2437,746,1252
2438,918,1316
2439,541,1743
2440,1470,3179
2441,1094,1567
2443,1126,1510
2445,811,968
2446,727,684
2447,502,531
2448,604,784
2449,990,1299
2450,790,662
2454,1152,2148
2456,615,777
2457,772,2190
2458,920,1330
2459,838,1805
2460,782,1309
2461,572,1236
2462,1203,3305
2463,1257,2072
2464,0,0
2465,501,1456
2466,637,2080
2467,920,2124
2468,1089,730
2469,301,861
2470,645,1233
2471,590,1078
2472,748,1113
2473,675,1356
2474,1317,1880
2477,2539,3729
2479,733,1214
2480,516,565
2481,991,1015
2482,1166,1596
2483,620,821
2485,1460,1796
2486,1506,1614
2487,1226,909
2488,588,403
2489,682,430
2491,1565,1613
2492,1519,1429
2494,1518,1084
2495,1317,833
2497,2040,1424
2498,2549,1817
2499,661,605
2500,613,605
2501,1620,1280
2502,1437,1222
2503,1033,1212
2504,1325,1003
2505,1658,872
2506,962,796
2508,11,65
2509,2604,2500
2510,12,8
2511,1467,1009
2512,1378,1268
2513,909,767
2514,613,404
2515,668,480
2516,506,650
2517,2,2
2518,2448,1883
2519,1191,616
2520,100,243
2521,19,27
2522,0,0
2523,2842,878
2524,1292,234
2525,3,44
2526,238,126
2527,262,789
2529,892,911
2530,726,976
2531,499,612
2532,517,557
2533,1153,1733
2534,430,802
2535,537,916
2536,396,605
2537,418,552
2538,588,830
2539,423,397
2541,1322,1289
2542,567,700
2543,744,930
2544,637,544
2545,656,559
2547,2483,1382
2548,816,478
2549,1390,792
2550,958,326
2551,931,237
2552,773,82
2553,1481,804
2554,695,375
2555,609,747
2556,0,0
2558,1990,3475
2559,1075,366
2560,939,2459
2561,825,1777
2563,1191,2684
2564,713,1789
2565,1914,4480
2566,674,3193
2567,373,2383
2568,722,3294
2569,202,1503
2570,672,3234
2571,170,594
2572,215,1062
2573,1292,4374
2575,614,1867
2576,2121,4017
2577,2494,5643
2578,3063,9497
2580,506,1841
2583,1162,3771
2584,560,1617
2587,1126,3277
2588,319,1266
2589,390,1318
2591,1559,3108
2592,1282,2116
2593,1408,2660
2595,562,1167
2596,64,207
2597,549,1500
2598,269,864
2599,463,524
2600,1374,2330
2602,571,1539
2603,837,1695
2604,242,711
2606,816,3307
2607,720,2312
2608,452,1371
2612,457,697
2613,345,693
2614,649,955
2615,168,114
2616,468,218
2617,399,558
2619,291,420
2620,880,1195
2621,437,1015
2622,263,656
2623,751,1039
2624,1073,518
2625,1647,1119
2628,844,557
2629,911,462
2630,867,768
2631,1491,1523
2632,773,599
2633,1034,218
2635,1712,21
2636,1692,247
2637,1426,302
2638,1433,243
2639,1314,259
2640,2137,424
2641,1807,280
2642,1465,352
2643,1647,358
2644,2715,538
2645,1479,301
2646,1386,393
2647,1260,497
2648,538,646
2649,1072,1211
2650,1057,880
2651,1389,1538
2652,971,654
2653,526,295
2654,1231,471
2655,1580,1414
2657,596,290
2658,918,508
2659,661,202
2661,760,604
2662,1624,748
2663,987,394
2666,2074,980
2668,856,964
2669,2388,1389
2670,562,628
2672,898,1008
2673,979,444
2674,926,823
2675,1223,1834
2676,535,693
2677,519,824
2678,476,913
2679,537,969
2680,1855,2791
2681,2446,1062
2682,1457,1626
2684,807,719
2686,1423,218
2687,1116,461
2688,3723,78
2689,1390,26
2690,1226,295
2691,1098,453
2693,3205,244
2694,1085,445
2695,1561,510
2697,2117,1073
2698,1284,1097
2699,1249,492
2700,1059,869
2701,1725,1280
2702,2451,3520
2703,701,1237
2704,952,1024
2705,1424,1702
2706,917,470
2707,807,821
2709,819,893
2710,3254,560
2711,1220,473
2713,468,736
2714,548,836
2715,2622,2002
2716,895,869
2717,1967,1302
2719,1703,482
2720,925,554
2721,2270,885
2722,921,859
2723,863,900
2724,2177,2055
2725,801,1123
2726,718,959
2728,476,629
2729,715,1068
2730,526,974
2731,1268,337
2734,659,932
2735,1407,1770
2736,1505,1926
2737,747,700
2738,952,610
2739,811,366
2740,554,249
2741,884,511
2742,865,748
2743,832,999
2744,2029,1286
2745,813,869
2746,885,756
2747,1053,737
2748,1188,764
2749,1058,611
2750,4876,2588
2751,1250,624
2752,790,773
2753,951,581
2754,1516,334
2755,2390,2502
2756,1611,1535
2757,1761,2211
2758,2069,869
2759,1058,692
2760,1840,816
2761,1168,525
2762,1071,683
2763,2171,1237
2764,1383,1832
2765,720,474
2766,1766,1237
2767,1315,494
2768,2266,1052
2769,2117,1783
2770,2602,1909
2771,7490,6521
2772,1586,909
2773,2193,1787
2774,777,594
2775,3615,1996
2776,2895,2342
2779,3276,1081
2780,4986,1615
2781,775,232
2782,2892,746
2783,1491,233
2784,1200,108
2786,1100,83
2787,708,491
2788,1298,754
2789,2847,1378
2790,1139,541
2791,1153,645
2792,1187,530
2793,2509,1392
2794,866,771
2795,2734,2183
2796,1109,508
2797,1939,2123
2798,5222,5505
2799,2350,3651
2800,1875,1922
2801,1871,2553
2802,1210,2020
2804,1691,1897
2805,929,345
2806,2686,1047
2807,892,948
2808,2071,1215
2809,1060,460
2810,1238,937
2811,545,978
2812,873,734
2813,1384,1938
2814,1234,1401
2815,1316,1806
2816,780,1147
2817,763,789
2818,755,1264
2819,2124,2102
2820,869,1514
2822,1057,720
2823,1765,1783
2824,2600,172
2825,1909,1019
2826,975,377
2827,1905,915
2828,1661,1244
2829,2925,1489
2830,1546,2480
2831,0,0
2832,1301,1084
2833,1709,2281
2834,712,543
2835,559,253
2836,519,281
2837,2156,1545
2838,1386,635
2839,4975,1195
2840,3771,1232
2841,2628,1603
2842,726,487
2843,1334,734
2844,128,101
2845,38,15
2846,1249,488
2847,1886,791
2848,1277,568
2849,1702,721
2850,1805,1266
2851,1221,376
2853,1963,609
2854,1144,277
2855,850,233
2856,2179,1462
2857,1998,1173
2858,376,620
2859,35,79
2860,225,388
2861,700,844
2862,2840,2374
2864,51,147
2865,321,706
2866,1618,1752
2868,652,931
2870,899,1232
2871,2145,3971
2872,1740,2130
2873,653,1114
2874,879,862
2875,796,756
2876,1771,1604
2877,1186,1119
2878,944,933
2879,1848,1755
2880,1755,1587
2881,937,1205
2882,491,509
2883,1488,1445
2884,1416,1451
2885,868,1760
2886,1830,2172
2887,925,619
2888,1071,1294
2889,720,780
2890,644,900
2891,496,623
2892,1001,1376
2893,718,782
2894,705,1378
2895,513,763
2896,707,934
2897,294,256
2898,847,903
2899,733,942
2900,445,364
2901,900,808
2902,1081,814
2903,756,630
2904,1162,890
2905,866,762
2906,1422,1139
2907,2341,291
2908,1889,1637
2909,606,315
2910,1413,401
2911,437,478
2912,1348,52
2913,1740,144
2914,1317,13
2915,605,29
2917,3417,34
2918,1428,259
2919,1186,174
2920,930,333
2921,1146,74
2922,2212,438
2923,835,315
2924,741,367
2925,1100,407
2926,1057,380
2927,917,371
2928,383,184
2929,657,324
2930,607,211
2931,891,619
2932,1305,434
2933,796,371
2934,965,342
2935,1184,182
2936,787,188
2937,1804,35
2938,542,10
2939,656,452
2940,733,9
2941,422,246
2942,945,816
2943,754,274
2944,555,148
2945,205,93
2946,1264,442
2947,990,240
2948,955,342
2949,1160,447
2950,737,408
2951,539,396
2952,194,382
2953,612,1027
2954,788,1004
2955,762,464
2956,1530,1271
2957,964,596
2958,1103,589
2959,1501,878
2960,321,184
2961,614,262
2962,294,179
2963,849,265
2964,668,260
2965,496,176
2966,1630,699
2967,1196,649
2968,414,305
2969,923,665
2970,513,178
2971,1332,780
2972,1014,635
2973,488,475
2974,1857,1925
2975,837,430
2976,629,220
2977,921,381
2978,125,93
2979,1103,550
2980,750,377
2981,969,519
2982,675,318
2983,995,571
2984,685,173
2985,1522,923
2986,1043,595
2987,1670,399
2988,1934,825
2989,1803,1024
2990,1173,593
2991,898,367
2992,823,538
2993,781,286
2994,488,926
2995,689,203
2996,370,176
2997,806,638
2998,827,213
2999,1033,162
3001,490,137
3002,581,258
3003,1489,894
3004,963,745
3006,488,535
3007,1029,1474
3008,266,166
3009,1602,727
3010,985,228
3011,581,481
3012,1160,251
3013,2087,534
3014,1351,806
3015,920,426
3016,433,335
3017,1223,591
3018,1305,607
3019,820,506
3020,653,288
3021,922,510
3022,1675,951
3023,1331,569
3024,2095,1439
3025,1864,850
3026,639,431
3027,1123,775
3028,1260,734
3029,2427,1469
3030,2316,998
3031,2024,543
3032,2358,706
3033,1524,451
3034,1633,455
3035,1804,442
3036,564,170
3037,1024,213
3038,1421,553
3039,712,599
3040,2312,977
3041,448,132
3042,746,240
3043,401,310
3044,716,190
3045,1320,340
3046,2512,1018
3047,2305,1585
3048,3006,1029
3049,2061,896
3050,1349,631
3051,486,105
3052,591,113
3053,2045,705
3054,2127,778
3055,3043,1288
3056,774,238
3057,1084,887
3058,934,910
3059,1437,804
3060,274,975
3061,492,569
3062,1073,483
3063,856,775
3064,1113,722
3065,1124,24
3066,990,343
3067,491,530
3068,605,430
3069,883,547
3071,767,990
3072,790,446
3073,264,149
3074,1062,965
3075,1944,851
3076,781,375
3077,1728,793
3078,1237,145
3079,1517,88
3080,1412,137
3081,1287,686
3082,1707,865
3083,538,450
3084,1059,760
3085,1158,162
3086,1100,655
3087,859,703
3088,1303,1164
3089,1479,1171
3090,1269,930
3091,1165,1080
3092,1352,1154
3093,1140,1127
3094,749,386
3095,901,536
3096,451,169
3097,1371,1147
3098,1045,747
3099,1329,1046
3100,958,1262
3101,1405,1337
3102,447,516
3103,490,523
3104,794,1021
3105,875,1046
3106,1121,1212
3108,883,1094
3110,423,826
3111,1005,916
3112,343,232
3113,716,633
3114,1595,1981
3115,1008,1494
3116,1960,1373
3117,1418,1103
3118,1002,655
3119,932,774
3120,1224,779
3121,1651,1403
3122,1077,702
3123,873,483
3124,1154,1094
3125,795,748
3126,1261,1042
3127,1677,1451
3128,1056,716
3129,1287,1411
3130,1419,1433
3131,646,556
3132,2085,1595
3133,1833,1374
3134,1207,710
3135,1039,592
3136,450,290
3137,836,718
3138,1511,1251
3139,1748,1043
3140,602,347
3141,390,220
3142,1341,798
3143,1447,521
3144,2179,866
3145,1272,721
3146,1066,603
3148,2340,841
3149,2610,1618
3150,1048,736
3152,1790,1174
3153,1024,778
3154,2300,1604
3155,2342,1400
3156,1604,881
3157,1159,676
3158,671,588
3159,907,795
3160,963,923
3161,284,258
3162,1465,729
3163,611,545
3164,1817,1441
3165,1687,903
3167,1408,1669
3168,1575,1504
3169,651,738
3170,1614,842
3171,1481,691
3172,1595,1556
3173,2282,1264
3174,363,416
3176,1720,1502
3177,1648,1799
3178,1076,1181
3179,346,429
3180,609,711
3181,678,735
3182,484,159
3183,1258,478
3184,806,475
3185,462,597
3186,2399,1340
3187,2057,1206
3188,2403,1530
3189,502,340
3190,2348,1805
3191,895,1070
3192,1777,1393
3193,1928,1568
3194,442,120
3195,1182,248
3196,720,666
3198,309,2
3199,506,4
3200,1189,352
3201,30,57
3202,1406,111
3203,0,0
3204,0,0
3205,541,491
3206,0,0
3207,693,308
3209,246,208
3210,1070,1157
3211,537,636
3213,524,424
3214,631,701
3215,905,1028
3217,798,1176
3218,1137,1233
3219,517,404
3221,1229,1010
3222,1188,1023
3224,572,430
3226,800,552
3228,1101,907
3229,1183,998
3230,963,672
3231,408,262
3232,589,507
3233,915,763
3234,580,449
3235,1227,1101
3236,246,249
3237,834,601
3238,2016,1383
3240,452,313
3241,510,628
3242,658,483
3243,794,482
3244,928,787
3245,1642,1452
3247,1346,882
3248,1137,1038
3249,1112,1155
3250,721,752
3251,785,873
3252,1006,954
3253,493,508
3254,254,303
3255,1129,1198
3256,969,996
3257,903,1323
3258,1350,1034
3259,460,352
3260,218,155
3262,1009,844
3263,1630,1271
3264,654,683
3265,743,658
3266,463,750
3267,667,604
3268,1529,1358
3269,1810,2554
3270,161,231
3271,1390,2203
3276,5088,5700
3277,506,455
3278,1536,1746
3279,1209,1174
3280,1386,1509
3281,1186,1436
3282,1042,1178
3283,1134,1499
3284,454,585
3285,820,936
3286,630,575
3287,978,1097
3288,164,209
3289,692,1221
3290,1939,2383
3292,1362,1829
3293,1309,2111
3294,536,682
3295,1338,2076
3297,2343,2931
3298,948,1068
3299,1947,2337
3301,876,1276
3302,724,607
3303,194,342
3305,1745,1658
3306,2035,1982
3307,651,688
3308,1107,1330
3310,1137,1251
3311,816,754
3313,1537,1225
3314,338,563
3315,586,1301
3316,859,925
3317,453,537
3318,815,1432
3319,832,367
3320,656,794
3322,345,584
3324,502,686
3325,973,1275
3326,1549,2040
3329,1101,1326
3330,1277,1823
3332,642,732
3333,647,697
3335,464,526
3336,251,341
3337,781,850
3340,1745,1840
3341,272,324
3342,2353,199
3343,521,1103
3345,535,705
3346,581,760
3347,2482,401
3348,1508,425
3349,1601,309
3350,929,403
3351,1151,212
3352,1995,484
3353,1396,189
3354,1425,499
3355,804,222
3356,1799,109
3357,2067,29
3358,1152,24
3359,1625,43
3360,1058,12
3361,676,201
3362,596,112
3363,1602,268
3365,1804,169
3366,1409,595
3367,1051,536
3368,813,559
3369,765,658
3370,1220,1398
3371,1531,1496
3372,1139,995
3373,824,687
3374,1779,1703
3375,1669,1169
3376,875,807
3377,728,558
3378,1301,1092
3379,533,442
3380,1196,559
3381,379,241
3382,754,516
3383,626,408
3384,955,628
3385,686,330
3386,433,245
3387,896,373
3388,1105,462
3390,1141,675
3391,691,435
3392,2035,2100
3393,1557,1782
3394,1772,2465
3395,408,598
3396,1183,752
3397,1543,1177
3398,963,817
3399,1042,952
3400,1185,856
3401,2132,1019
3402,475,417
3403,1141,1140
3405,1657,1443
3406,1169,746
3407,1291,1073
3408,1468,1372
3409,971,928
3410,1078,835
3411,958,1285
3412,1,1
3413,606,569
3414,930,1025
3415,915,911
3416,1238,653
3417,220,170
3418,1424,960
3419,586,478
3420,666,441
3422,758,532
3423,719,574
3425,1370,1256
3426,1077,879
3427,1148,892
3428,920,874
3429,1382,1110
3430,835,625
3431,967,919
3432,1224,1305
3433,1065,963
3434,1952,1892
3435,372,520
3436,1674,1934
3437,777,784
3438,1085,989
3439,916,925
3440,449,627
3441,918,634
3443,767,615
3444,512,508
3445,978,1085
3446,664,844
3447,957,863
3448,1647,2188
3449,800,863
3450,890,885
3451,805,945
3452,974,968
3453,945,874
3455,1444,1882
3456,1002,1390
3457,664,659
3458,1429,1798
3459,884,1030
3460,1273,1713
3461,679,644
3462,1082,1226
3463,1132,947
3464,473,480
3465,1105,1114
3466,1123,928
3467,868,827
3468,784,522
3469,333,283
3470,2012,905
3471,828,670
3472,1117,1248
3473,476,408
3474,1067,973
3475,1224,841
3476,483,337
3477,796,763
3478,882,754
3479,834,930
3480,667,593
3481,805,525
3482,842,638
3483,1118,1123
3484,1539,1618
3486,864,856
3487,872,529
3488,921,701
3489,792,510
3490,932,1795
3491,730,117
3492,1310,1088
3493,682,1228
3494,735,997
3495,481,232
3497,1486,211
3498,1865,718
3499,771,532
3500,2498,1711
3501,691,701
3502,987,701
3503,1165,859
3504,1360,1375
3505,755,654
3506,1393,1127
3507,1378,1417
3508,1196,1666
3509,1184,1229
3510,637,906
3511,685,724
3512,903,1022
3513,1889,1840
3514,1860,1641
3515,771,414
3516,468,348
3517,1415,1360
3518,809,1081
3519,888,942
3520,1870,1558
3521,1446,1627
3522,1078,1061
3523,2530,2438
3524,676,690
3525,1022,888
3526,677,666
3527,688,426
3528,590,397
3529,930,809
3530,1821,1771
3531,1082,1473
3532,1212,1455
3533,1624,1938
3534,1631,1948
3535,1078,1118
3536,1805,2106
3537,1518,1612
3538,1063,1247
3539,919,924
3540,610,1243
3541,2051,2915
3542,639,642
3543,1417,1530
3544,1191,1442
3545,1549,1378
3546,934,754
3547,1466,1418
3548,884,955
3550,1984,2394
3551,688,680
3552,955,1318
3553,1001,1725
3554,806,858
3555,942,989
3556,1215,668
3557,1223,1042
3558,554,480
3559,1743,1781
3560,1468,1448
3561,15,56
3562,693,1231
3563,395,634
3564,1155,1277
3565,423,534
3566,384,518
3567,960,1277
3568,1537,1899
3570,456,428
3571,430,676
3572,497,659
3573,1405,1553
3575,1375,1534
3576,1415,1475
3577,735,761
3578,684,587
3579,827,505
3580,1080,474
3582,466,223
3583,828,322
3584,1110,552
3585,2101,32
3586,937,1675
3587,601,435
3589,816,642
3590,866,1465
3591,739,1078
3592,612,684
3593,819,1527
3594,733,709
3595,1164,1518
3596,700,1102
3597,787,513
3598,429,169
3599,1002,201
3600,431,115
3602,1416,121
3603,1958,37
3606,541,479
3607,1879,1822
3609,1312,1354
3611,594,860
3612,386,369
3613,304,539
3614,1354,1179
3615,886,753
3617,644,1414
3618,762,1543
3619,1051,1574
3621,1140,1995
3622,827,1696
3623,756,1568
3624,405,496
3625,1579,2496
3626,926,1491
3627,630,1330
3631,922,1101
3632,939,959
3633,477,484
3634,1090,1392
3636,464,884
3637,1076,1497
3638,583,924
3639,421,852
3640,788,850
3641,1019,1357
3643,2730,3257
3646,758,869
3647,1659,1978
3649,1652,3080
3651,745,1238
3652,773,1206
3653,789,1319
3654,2863,2380
3655,894,708
3658,367,672
3660,1533,2852
3661,808,942
3662,666,400
3663,1110,1178
3664,1661,1847
3666,1207,956
3667,1409,1544
3668,1556,921
3669,1619,274
3670,1095,972
3671,1399,960
3673,807,874
3674,1079,1133
3676,309,426
3677,237,640
3678,1270,1682
3681,625,265
3682,161,148
3683,1178,1606
3684,1619,88
3686,1072,875
3687,1269,1053
3688,1678,1547
3690,1264,2274
3692,897,1367
3693,1250,2575
3695,1934,1427
3697,908,1205
3698,525,569
3699,1923,2828
3700,717,752
3701,474,223
3702,1108,1000
3703,546,1080
3704,317,560
3705,480,25
3706,1484,1549
3707,2724,2802
3708,778,676
3710,333,453
3711,722,1232
3712,2235,2484
3713,988,1138
3714,984,1463
3715,1867,2866
3716,1168,1772
3717,873,1265
3718,1361,811
3719,357,633
3720,317,811
3721,799,103
3722,451,673
3723,330,589
3724,232,419
3725,1100,1529
3727,477,758
3728,533,232
3730,393,888
3731,427,776
3733,669,728
3734,320,586
3737,1077,1209
3738,349,244
3740,2449,632
3741,419,1509
3742,716,1169
3743,536,1595
3744,1273,1633
3745,760,929
3746,1243,3103
3747,630,466
3748,1477,547
3749,718,285
3750,1255,1633
3751,755,1260
3752,793,1522
3753,681,1222
3754,441,857
3755,840,664
3756,699,1243
3758,748,671
3759,938,565
3760,703,117
3761,1426,1771
3762,1262,2380
3763,1448,3397
3764,654,1798
3765,512,1488
3768,1856,4331
3769,541,1557
3770,1638,3885
3771,1056,2546
3773,535,1862
3775,2404,6704
3777,500,1727
3778,2161,4734
3779,2084,5008
3780,489,815
3781,281,272
3782,1165,3222
3783,1843,2795
3784,915,1753
3785,650,708
3786,983,1896
3788,623,1083
3789,1508,2384
3791,1756,2863
3793,620,1016
3794,1561,2071
3795,1437,2168
3797,489,1636
3799,1148,27
3800,2045,20
3801,2019,695
3802,390,268
3803,686,402
3804,983,867
3805,762,671
3806,78,83
3807,3239,202
3808,285,316
3809,1369,1591
3810,1143,1250
3811,842,1361
3812,894,1313
3813,1343,1424
3814,761,701
3815,3456,2948
3816,1307,851
3817,1143,1301
3818,905,818
3819,1590,1571
3820,766,1458
3821,279,359
3823,2067,1458
3824,1527,921
3825,1723,2390
3826,2089,1598
3827,2615,1897
3828,2095,2109
3829,1248,781
3830,1481,934
3831,882,629
3832,1025,740
3833,4553,2686
3834,5558,5316
3835,1928,2391
3836,1606,1132
3837,3284,2003
3838,1569,817
3839,2963,1812
3840,1479,2401
3842,322,1485
3843,319,2393
3844,1020,4199
3845,153,813
3846,1224,3490
3847,640,2177
3848,809,1593
3849,903,1744
3850,1562,4344
3851,905,3502
3852,271,800
3854,606,2272
3855,329,1267
3856,177,561
3857,532,1555
3858,486,1309
3859,1727,4186
3860,1479,3526
3862,1001,2710
3863,1286,2976
3864,602,1411
3865,2047,5009
3866,1070,2650
3867,1844,1323
3868,378,89
3869,1275,225
3870,1596,33
3871,1180,624
3873,385,349
3874,252,221
3875,1061,563
3876,637,558
3877,1206,622
3878,517,398
3879,788,616
3880,1254,861
3881,993,1192
3883,1692,1962
3884,1254,521
3885,1225,274
3886,1693,731
3887,750,540
3888,2143,1856
3889,806,587
3890,1118,971
3891,836,750
3892,1901,2002
3893,376,427
3894,1198,1483
3895,946,924
3896,403,646
3897,877,921
3898,2809,4440
3899,439,447
3900,1261,1171
3901,753,627
3902,1269,1208
3903,1987,1967
3904,1665,1451
3905,710,706
3906,1504,1528
3907,1118,919
3908,761,583
3909,1592,1494
3910,648,498
3911,717,549
3912,648,534
3913,694,717
3914,965,918
3915,664,1004
3916,527,698
3918,1216,1000
3919,1111,1067
3920,1142,877
3921,760,895
3922,706,674
3923,945,1140
3924,1327,1712
3925,1800,2530
3926,1487,1705
3927,467,616
3928,966,1017
3929,1506,1692
3930,1385,1789
3931,703,912
3932,351,326
3933,1115,1299
3934,504,516
3935,861,893
3936,567,587
3937,1451,1451
3938,717,635
3939,1176,1137
3940,1123,1173
3941,819,1215
3942,869,1148
3943,552,729
3944,1163,1177
3947,420,325
3948,2333,2426
3949,7193,7118
3950,4570,6954
3951,206,258
3952,1348,1693
3953,1497,2457
3954,4474,5053
3955,768,1335
3956,732,874
3957,199,269
3958,794,616
3959,364,415
3960,535,556
3961,783,460
3964,1735,644
3965,1030,673
3967,715,46
3968,1052,575
3969,1096,153
3970,2587,1758
3971,2625,3988
3972,1166,2527
3973,1206,2114
3974,554,740
3975,2048,2393
3976,1601,2185
3977,1658,1514
3978,756,638
3979,1412,1479
3980,666,770
3981,1768,1579
3983,884,320
3984,233,221
3985,1240,890
3986,1893,1869
3987,1328,454
3988,1083,2078
3990,2998,4466
3991,786,1412
3992,1799,2508
3994,899,984
3995,2994,3728
3996,1316,2051
3997,2033,2163
3998,941,1138
3999,2047,2305
4000,1573,1503
4002,1731,1619
4003,901,737
4004,1728,1273
4005,2308,2868
4006,1607,1518
4007,841,711
4008,315,495
4009,547,1130
4010,1299,1790
4011,888,1077
4012,672,1068
4013,1317,1364
4014,1018,896
4015,600,1088
4016,1547,2152
4017,824,1599
4018,1043,722
4019,1446,1159
4020,808,798
4021,929,1488
4022,709,1272
4024,1886,1622
4025,2064,1584
4026,818,943
4027,935,955
4028,837,662
4030,1773,1937
4031,1026,1105
4032,713,829
4033,1028,364
4034,678,646
4035,634,535
4036,1619,1694
4037,1496,1304
4038,1204,1212
4039,1355,1584
4040,1951,1856
4041,1413,1179
4042,1447,1392
4043,1420,1129
4044,837,987
4045,964,842
4046,872,982
4047,464,1258
4048,139,267
4050,366,629
4051,842,1363
4052,862,1461
4053,474,796
4054,516,633
4055,633,1231
4058,6378,12238
4059,1701,1531
4061,0,0
4062,1438,1518
4063,2360,5082
4064,1368,2577
4065,107,280
4066,1255,1152
4067,435,1215
4068,207,674
4069,562,2061
4070,635,2177
4071,1029,2714
4072,793,2541
4073,449,1340
4074,609,1534
4075,1121,1026
4076,624,2557
4077,323,905
4078,468,1432
4079,509,1602
4080,2225,3378
4081,887,960
4082,636,653
4083,1095,904
4084,784,1135
4085,811,865
4086,738,471
4087,1620,1621
4088,683,599
4089,1892,1572
4090,1497,1148
4091,485,580
4092,1741,1888
4093,1770,1105
4094,805,449
4095,562,392
4096,646,623
4097,544,448
4098,765,512
4099,456,329
4101,1071,78
4102,2337,496
4103,869,121
4104,1401,12
4105,1445,538
4106,1423,21
4107,540,190
4108,598,356
4109,1868,273
4110,1379,930
4111,752,506
4112,1091,1074
4114,2161,1795
4115,803,1171
4116,720,560
4118,1488,1253
4119,478,354
4120,2113,1584
4121,579,572
4122,1558,1585
4123,2118,2268
4124,538,557
4125,767,668
4126,789,727
4127,573,613
4128,1067,1645
4129,826,1422
4130,538,521
4132,688,741
4133,1183,1183
4134,1025,974
4135,738,761
4136,1705,1735
4137,844,899
4138,539,381
4139,1316,1829
4140,1745,1874
4141,1815,1701
4142,900,790
4143,267,285
4144,712,581
4145,474,341
4146,708,957
4147,778,650
4148,439,594
4149,1583,2016
4150,2620,4084
4151,2932,2657
4152,587,953
4153,555,977
4154,1191,929
4155,513,470
4156,2212,3132
4157,2485,2761
4158,1382,1253
4159,915,1153
4160,2027,2510
4164,2267,784
4165,1101,1193
4166,485,31
4167,1038,1178
4168,1138,1083
4169,1323,1565
4170,1228,937
4171,2403,2960
4172,888,1404
4173,1301,1794
4174,1134,1023
4175,413,702
4176,2586,2063
4177,534,434
4178,912,549
4179,968,622
4180,1977,1386
4181,1181,687
4182,2576,1479
4184,2926,2355
4185,1007,792
4186,1112,811
4187,1221,779
4188,2153,1586
4189,1721,1157
4190,1330,859
4191,457,666
4192,2095,961
4193,933,1807
4194,1690,2696
4195,1459,2266
4196,1230,2104
4197,372,1556
4198,338,1852
4199,581,964
4200,3035,4531
4201,595,2211
4202,305,804
4203,786,1979
4205,1113,2554
4206,984,1882
4207,1178,3703
4208,116,448
4209,577,1753
4210,380,754
4211,356,1047
4212,361,1240
4213,698,1431
4214,375,1503
