rn,D08,R08,D12,R12,D16,R16
0,692,769,651,789,474,913
1,624,539,614,515,402,746
2,706,793,668,777,512,908
3,937,839,924,796,644,975
4,625,592,534,580,334,686
5,1011,1057,1021,1076,768,1288
6,890,1175,805,1239,492,1396
7,716,1047,672,1119,473,1301
8,869,1208,815,1215,555,1469
9,933,1265,922,1222,600,1394
10,825,1108,760,1159,567,1258
11,608,992,441,868,334,933
12,1126,1869,1337,2109,995,2420
13,857,1689,841,1752,631,1874
14,590,841,0,0,0,0
15,1028,1401,985,1469,805,1537
16,557,916,709,1166,554,1144
17,1329,2112,1499,2649,1303,2834
18,629,962,572,934,441,1015
19,699,1236,1010,1702,796,1778
20,774,1098,732,1103,623,1069
21,1835,2541,2354,3428,2112,3252
22,1024,1586,1212,1870,1087,1856
23,1418,2074,1511,2278,1367,2107
24,1303,1933,1352,2033,1239,2137
25,629,958,888,1269,731,1487
26,1526,2215,1118,1543,932,1443
27,663,866,674,934,609,965
28,656,817,726,884,667,938
29,492,523,483,551,352,571
30,1569,1553,1459,1740,1288,1644
31,1243,1602,1210,1729,1103,1670
32,930,1219,906,1275,829,1241
33,0,0,0,0,0,0
34,634,999,646,1037,485,1121
35,922,1298,490,699,391,767
36,816,1004,786,1146,800,972
37,1364,1703,1373,1846,1359,1589
38,599,603,585,612,470,666
39,1091,947,1093,915,918,854
40,602,549,621,504,482,491
41,531,524,568,506,417,482
42,1695,1544,1688,1539,1390,1582
43,813,758,0,0,0,0
44,1374,1229,1931,1634,1524,1580
45,778,645,796,658,675,620
46,687,575,835,683,621,712
47,1314,1163,777,778,620,681
48,889,994,1911,2063,1570,1970
49,2343,2116,1650,1506,1373,1495
50,1896,1705,579,536,446,553
51,790,653,2624,2100,2018,2163
52,605,517,0,0,0,0
53,2037,2288,1824,1999,1577,1803
54,0,0,765,651,662,578
55,2230,1878,1909,1399,1466,1380
56,920,980,1469,1514,1211,1392
57,723,816,547,543,473,500
58,1053,1091,1574,1496,1254,1532
59,1685,1578,2229,1863,1825,1941
60,1071,763,762,558,598,513
61,505,407,647,522,523,527
62,1686,1487,1318,1152,1177,1092
63,1421,1089,1548,1155,1348,1139
64,1088,853,1127,893,850,959
65,970,908,918,889,770,870
66,548,509,1235,1401,1209,1542
67,1160,1392,1861,2129,2196,2356
68,1706,1965,755,1082,917,1196
69,582,674,417,664,447,556
70,1516,1486,1363,1438,1274,1289
71,994,973,1026,943,821,983
72,1595,1448,1627,1440,1428,1274
73,1149,994,450,419,409,393
74,830,583,1457,1150,1221,1096
75,1591,1080,1600,1022,1404,1000
76,1374,1082,1387,1023,1233,867
77,1206,779,1271,679,1051,627
78,1317,743,1438,679,1228,628
79,694,435,712,384,567,319
80,1604,1136,1718,1100,1505,976
81,588,357,622,318,505,311
82,1440,878,1482,833,1411,659
83,755,414,746,375,675,353
84,907,531,1030,430,882,404
85,1734,890,1947,771,1863,666
86,0,0,0,0,0,0
87,1561,836,1658,772,1558,655
88,1275,1702,1229,1742,917,1934
89,560,871,508,911,315,1115
90,492,637,437,703,291,844
91,1060,1550,1005,1518,674,1886
92,724,914,546,881,318,649
93,644,588,518,619,512,1106
94,612,788,626,907,574,1086
95,1063,1318,1089,1327,913,1429
96,766,804,615,883,485,1084
97,828,777,672,811,527,950
98,938,604,813,644,599,731
99,1381,1611,1359,1668,1054,1942
100,1178,1382,1853,1963,1323,2058
101,1250,1420,1250,1447,1000,1653
102,771,886,673,855,440,1098
103,386,495,354,505,211,674
104,1877,1247,761,472,523,502
105,1594,1527,1558,1382,1178,1510
106,1040,725,1351,970,1046,990
107,2088,136,2170,48,1520,55
108,454,333,489,327,393,301
109,947,1500,856,1520,541,1887
110,607,1033,561,1130,321,1445
111,486,708,487,857,296,1129
112,749,953,694,1020,430,1228
113,578,737,578,759,448,844
114,758,1266,485,1087,292,1253
115,1957,2133,2427,2820,1764,3265
116,909,997,563,582,369,671
117,1463,1011,1522,1074,1179,1150
118,526,449,450,464,304,510
119,481,332,411,350,277,447
120,545,581,484,571,340,650
121,1313,1245,1253,1356,1045,1682
122,2321,2064,2409,2317,2517,2952
123,1201,546,1,1,0,1
124,739,481,1756,1014,1556,1114
125,1770,1334,1413,1104,843,767
126,521,476,512,437,414,361
127,1206,534,129,86,845,441
128,1358,844,1611,997,1396,978
129,788,775,736,791,520,863
130,957,751,907,772,674,858
131,1197,744,1463,894,986,758
132,2243,1272,2843,1617,1487,1145
133,1008,1045,934,1069,648,1241
134,883,948,809,1004,564,1101
135,692,805,637,796,355,860
136,1128,918,751,661,578,545
137,390,389,0,0,0,0
138,408,406,391,326,246,428
139,817,1191,1301,1681,961,1698
140,387,357,888,811,561,937
141,1756,2322,1139,1947,878,2101
142,669,899,622,1014,391,1153
143,630,893,586,977,334,1148
144,752,999,703,1182,392,1243
145,2185,1061,2203,1080,1622,1362
146,1286,734,1214,676,940,809
147,1713,1239,1801,1310,1337,1503
148,1966,1179,1953,1181,1517,1517
149,1793,1130,1803,1094,1276,1358
150,1070,643,1015,685,718,886
151,1488,563,1400,560,1050,725
152,1113,1775,1070,1854,844,1929
153,733,1470,659,1629,541,1767
154,1402,2145,1395,2315,1257,2076
155,1146,1507,1208,1751,1319,1916
156,407,922,904,2129,1133,2030
157,1527,2510,1052,1768,1160,1491
158,864,1117,936,1553,1167,1197
159,0,0,0,0,0,0
160,727,889,1496,2138,1698,1614
161,821,867,965,1062,941,928
162,805,985,794,1031,907,731
163,2215,2674,1046,1396,1155,1109
164,638,869,741,1218,1135,1175
165,2008,2202,1432,1929,1739,1837
166,1193,1438,1541,1596,1454,1414
167,2397,2482,2754,3201,2634,2926
168,1266,1797,1342,2003,1319,2056
169,865,1594,853,1649,658,1800
170,527,913,557,933,453,1067
171,1188,1241,1170,1243,830,1394
172,877,414,986,351,650,414
173,362,437,351,509,233,563
174,863,990,831,980,691,1134
175,215,286,170,243,115,248
176,616,690,590,734,444,742
177,633,865,546,821,426,951
178,765,1062,626,1155,407,1249
179,868,1143,791,1244,623,1446
180,889,1532,797,1677,530,1841
181,732,596,697,617,472,805
182,493,701,505,650,289,868
183,700,509,626,579,351,756
184,1355,1101,1255,1121,866,1335
185,925,1364,936,1439,660,1598
186,1481,1617,1431,1699,889,2013
187,883,1054,1155,1541,798,1902
188,1324,1635,980,1254,640,1421
189,1798,2508,2046,2893,1386,2727
190,966,1442,681,1101,659,1727
191,1610,1831,1914,2221,1615,2447
192,1627,1892,1297,1531,1032,1814
193,1109,1279,1086,1372,871,1464
194,1060,1167,998,1176,731,1331
195,1699,1169,725,623,682,589
196,595,375,1114,641,1002,567
197,846,341,0,0,0,0
198,774,469,2373,1213,1766,975
199,1958,1617,696,495,553,446
200,1046,573,505,389,444,362
201,1048,681,991,799,839,968
202,1227,712,1043,808,1114,1060
203,2836,2263,3353,3487,3125,3550
204,825,582,1206,904,1256,1364
205,903,912,735,1001,269,576
206,1595,1167,1368,1301,1031,1548
207,1314,1117,1099,1259,872,1525
208,597,638,519,684,362,844
209,577,754,605,701,367,914
210,703,899,629,974,371,1167
211,1574,983,1323,785,1251,724
212,445,257,670,436,661,432
213,0,0,0,0,0,0
214,520,914,470,915,339,973
215,617,673,573,716,354,836
216,1202,1122,1020,1246,610,1104
217,420,448,370,439,375,766
218,614,820,560,869,420,962
219,599,950,578,1004,465,1058
220,1202,1539,1128,1658,844,1944
221,521,767,470,783,432,811
222,1055,1332,985,1378,707,1632
223,1404,1277,1301,1310,913,1581
224,1553,1708,1438,1797,1050,2045
225,822,1124,761,1119,816,1732
226,1361,1402,1251,1414,867,1638
227,789,619,695,584,442,792
228,810,683,700,651,269,289
229,1142,1334,1111,1433,1001,1664
230,1647,1703,1565,1888,1269,2077
231,1129,1587,1102,1699,696,2023
232,734,801,664,852,435,1042
233,477,921,451,976,356,997
234,776,426,0,0,0,0
235,1485,773,1569,823,1322,675
236,770,559,1016,626,1046,528
237,2360,1495,2113,1330,2498,1320
238,1277,653,1966,984,1595,910
239,1016,684,846,609,771,570
240,1277,824,1417,918,1252,853
241,1036,541,447,193,377,168
242,1036,765,1664,1116,1347,1014
243,0,0,0,0,0,0
244,2038,1253,2013,1205,1517,1164
245,983,723,992,695,0,0
246,1113,787,1036,749,1274,1328
247,648,799,930,1158,789,886
248,3369,2144,3051,1919,1991,1452
249,1125,823,1213,979,783,711
250,1935,2223,1715,2223,1269,1526
251,1453,1077,1243,1085,752,670
252,1448,1124,2090,1959,2160,1535
253,915,745,1051,830,1062,620
254,675,509,684,493,669,427
255,1776,1388,856,756,800,529
256,905,879,1822,1599,1712,1345
257,1762,1510,1791,1266,1714,1026
258,986,752,1220,964,1093,885
259,1473,1405,1546,1342,1301,1033
260,3299,2762,2948,2617,2826,2212
261,1403,1217,1367,1073,1367,908
262,1334,1089,1354,1176,1381,951
263,0,0,0,0,0,0
264,1944,1191,2853,1832,2549,1647
265,0,0,0,0,0,0
266,961,630,1006,725,1015,572
267,1424,1107,1250,1096,1445,962
268,568,489,1312,1257,1363,860
269,1471,1407,1227,1191,1246,923
270,1981,1789,2366,2192,2443,1731
271,1659,1567,1679,1695,1791,1265
272,902,655,743,571,728,467
273,1553,1405,1569,1380,1532,1108
274,3354,2451,2224,1637,2156,1372
275,0,0,0,0,0,0
276,0,0,0,0,0,0
277,1034,943,1032,941,961,853
278,2151,1939,2469,1923,2030,1448
279,1036,947,1108,1152,1100,959
280,0,0,0,0,0,0
281,996,772,543,557,524,434
282,1668,1338,1628,1377,1505,1161
283,868,713,1024,1019,1012,911
284,0,0,0,0,0,0
285,2370,1743,1190,1126,1121,889
286,0,0,0,0,0,0
287,1088,692,1046,811,1071,768
288,0,0,0,0,0,0
289,1224,1415,1997,2258,2100,1815
290,1834,1543,1795,1420,1798,1358
291,1767,1636,1753,1572,1518,1397
292,834,1071,1285,2083,1316,1928
293,1169,1504,1399,2055,1398,1758
294,621,863,0,0,0,0
295,2005,2645,1574,2423,1633,2123
296,1482,1444,1927,2185,1960,2449
297,2147,2369,2487,2968,2390,2945
298,884,1075,891,1151,837,1010
299,2541,3491,2215,3163,2132,2996
300,1687,1983,1664,2053,1896,2363
301,1181,912,1192,972,1113,794
302,2025,1868,2189,2076,2185,1758
303,1533,1381,711,510,650,470
304,1840,1622,2018,1949,1931,1558
305,1945,1910,1802,1773,2016,1557
306,823,537,983,674,1080,759
307,987,736,793,594,755,524
308,732,889,771,1032,660,942
309,486,493,514,495,344,525
310,1021,1021,990,1116,782,1167
311,765,989,763,1025,656,1002
312,1688,2006,1809,2405,1717,2542
313,1209,1647,1171,1765,998,1931
314,1397,1402,2847,3099,3109,3018
315,2304,2527,978,1311,1004,1134
316,0,0,0,0,0,0
317,1425,1437,1457,1458,1292,1284
318,719,574,773,634,653,626
319,0,0,0,0,0,0
320,1379,1163,1470,1395,1214,1372
321,0,0,0,0,0,0
322,772,567,880,747,717,746
323,2597,2487,2165,2303,1836,2308
324,1604,1318,1506,1328,1102,1516
325,979,1139,910,1196,732,1314
326,850,1188,805,1228,581,1385
327,683,1028,635,1072,456,1130
328,938,777,907,859,844,839
329,868,1238,947,1387,739,1489
330,782,974,815,978,496,1206
331,592,784,572,777,351,936
332,944,917,926,960,566,1167
333,1277,1555,1227,1420,950,1729
334,774,917,735,953,466,1192
335,960,1134,878,1159,566,1426
336,386,505,417,516,649,1854
337,2315,2751,1734,2492,936,1810
338,865,809,1110,1078,790,1318
339,548,701,537,816,495,877
340,755,855,662,902,395,1094
341,1675,2258,1601,2423,1165,2585
342,978,1311,979,1545,765,1810
343,524,617,446,645,268,717
344,520,679,448,634,274,750
345,359,453,300,489,198,541
346,844,1064,850,1013,569,1101
347,790,704,712,674,428,799
348,699,679,651,649,416,751
349,1032,829,1014,887,672,1151
350,1107,1312,1114,1313,796,1555
351,913,932,899,895,548,1147
352,893,725,850,705,580,880
353,963,644,862,581,552,848
354,1013,551,974,532,724,690
355,810,743,718,789,438,981
356,959,798,887,821,500,1061
357,968,758,882,733,570,930
358,833,489,810,474,515,594
359,2127,1589,2057,1668,1517,1860
360,1812,924,1684,877,1097,1249
361,524,428,454,419,296,527
362,1029,699,972,680,672,832
363,0,0,0,0,0,0
364,853,527,862,508,436,774
365,1162,936,1268,968,1015,954
366,1386,1060,1273,957,1063,927
367,2348,1741,2289,1747,1829,1880
368,1144,1355,1197,1340,884,1480
369,1134,1390,1068,1471,767,1615
370,1062,1344,1032,1390,820,1435
371,1154,1033,1104,1032,817,1232
372,732,1140,722,1167,529,1242
373,928,1194,933,1214,722,1274
374,1370,1582,1326,1700,1000,2002
375,987,882,849,957,575,1109
376,863,764,798,791,529,954
377,1149,330,1186,289,1047,260
378,1657,481,1844,391,1562,344
379,1007,284,1235,337,1101,259
380,1597,466,1691,449,3498,781
381,1793,644,1836,600,0,0
382,0,0,0,0,0,0
383,1829,332,2027,341,2106,306
384,0,0,0,0,0,0
385,0,0,0,0,0,0
386,0,0,0,0,0,0
387,1122,58,1175,56,960,73
388,0,0,0,0,0,0
389,2858,763,2711,1077,4259,1043
390,0,0,0,0,0,0
391,708,89,900,145,818,101
392,2693,208,2603,228,2442,179
393,2232,345,3111,503,3936,562
394,0,0,0,0,0,0
395,4230,606,1474,260,1452,178
396,804,91,1031,89,991,90
397,873,66,0,0,0,0
398,0,0,1725,130,803,55
399,2399,235,2428,222,2357,135
400,0,0,0,0,0,0
401,800,74,0,0,0,0
402,2066,458,0,0,0,0
403,0,0,0,0,0,0
404,2663,592,2028,404,2026,260
405,2132,673,1720,533,1789,338
406,0,0,1547,513,1600,348
407,1659,468,1458,478,2246,546
408,2282,677,2185,555,2193,407
409,1709,589,1769,616,1878,435
410,2830,878,2747,726,2588,540
411,1623,575,889,246,853,191
412,995,384,1273,401,1250,352
413,1290,932,1330,882,1359,629
414,841,556,848,531,895,449
415,2496,1190,2762,1057,2379,940
416,1480,790,1624,657,1507,597
417,0,0,0,0,0,0
418,0,0,0,0,0,0
419,1586,801,1754,780,1456,596
420,1861,879,1913,765,1747,721
421,1334,578,1391,524,1163,467
422,0,0,0,0,0,0
423,1205,926,1646,988,1535,850
424,1753,975,856,444,710,454
425,698,458,999,658,876,563
426,1903,1319,1655,1130,1533,904
427,912,536,256,129,203,121
428,1530,979,468,268,455,221
429,1153,761,1076,697,1006,560
430,0,0,0,0,0,0
431,1554,831,1461,769,1514,537
432,2615,1327,2586,1357,2374,1081
433,1310,587,1462,564,1335,456
434,520,446,1204,881,1142,712
435,863,496,1394,700,1292,611
436,2188,1605,1583,1096,1569,856
437,647,444,1405,885,1258,703
438,846,603,2013,1207,1907,940
439,1167,684,1158,651,1147,507
440,2122,1337,2200,1306,2178,1000
441,2505,1158,2594,1165,2658,764
442,1277,421,1089,444,1113,296
443,2134,964,2112,1029,2269,746
444,0,0,827,417,941,369
445,1036,463,1060,485,1109,377
446,994,382,0,0,0,0
447,2529,1064,2892,1317,2886,989
448,0,0,0,0,0,0
449,2885,1266,2829,1147,2726,892
450,945,522,1896,876,1902,622
451,1694,667,663,307,614,244
452,1749,686,1585,793,1677,541
453,1402,571,732,302,755,189
454,1889,790,1334,686,1588,455
455,1055,468,1586,780,1789,415
456,1684,722,2009,1025,2066,759
457,1118,519,1092,604,1194,332
458,3017,1483,1820,905,1787,672
459,1938,958,1947,977,2092,874
460,2058,1036,2097,1097,2024,806
461,818,581,818,541,848,363
462,2900,2619,2600,2823,2928,2040
463,1041,887,914,1166,1211,638
464,1590,1413,1564,1418,1766,1030
465,1856,1341,1801,1418,1918,983
466,1128,649,1125,700,1226,432
467,1022,802,988,850,1102,606
468,1488,1725,570,731,692,486
469,409,424,1228,1548,1507,1109
470,1284,886,1092,799,1080,585
471,798,516,1278,768,1493,684
472,1188,685,765,436,847,361
473,759,623,917,816,1062,554
474,1579,852,1586,835,1555,644
475,0,0,1516,784,1485,633
476,2290,1173,1290,628,1225,532
477,1974,1035,1684,736,1705,607
478,2079,1130,1144,581,1036,441
479,0,0,1557,795,1502,610
480,0,0,0,0,0,0
481,2069,1010,1076,473,1009,436
482,0,0,1587,642,1493,564
483,908,474,924,445,912,371
484,0,0,0,0,0,0
485,1213,597,0,0,0,0
486,790,423,760,440,745,392
487,1334,551,1311,538,1125,486
488,1021,780,976,687,840,639
489,1608,1357,1636,1305,1519,1168
490,761,463,795,441,720,412
491,1554,1124,1491,931,1343,898
492,1065,841,1069,760,993,662
493,830,571,0,0,0,0
494,1719,1139,2240,1470,2106,1307
495,1164,791,1126,756,1092,627
496,2907,2372,2941,2474,3003,1909
497,1759,1336,1812,1285,1709,1078
498,1074,722,1076,760,1053,654
499,871,704,877,718,911,668
500,0,0,0,0,0,0
501,1710,1440,1621,1358,1542,1111
502,2450,2345,2447,2545,2790,2015
503,1530,1455,1386,1425,1537,994
504,1936,1415,1834,1392,1831,1108
505,1601,1421,1491,1494,1513,1134
506,700,554,876,774,949,615
507,786,680,999,776,981,620
508,1373,1272,1268,1335,1458,1169
509,1709,1624,1690,1684,1816,1295
510,2043,1921,1881,1801,1948,1392
511,2154,1903,1830,1912,1910,1426
512,1990,1861,2027,2203,2242,1610
513,1734,1954,1850,2150,2047,1555
514,1142,579,956,628,844,425
515,1375,1126,1096,865,1130,644
516,2017,2330,1814,2593,2116,1954
517,1241,1382,1240,1613,1598,1239
518,1257,839,1373,1082,1418,818
519,1560,1117,1116,776,1106,649
520,1032,631,1492,1041,1550,843
521,1089,979,1569,1586,1668,1127
522,1012,945,0,0,0,0
523,1864,1449,885,724,923,535
524,781,557,801,663,851,498
525,1446,1217,1466,1387,1443,1095
526,886,606,1632,1168,1706,887
527,1398,1287,599,567,652,522
528,995,756,2276,2117,1568,906
529,1975,1119,2026,1324,2064,1049
530,681,432,671,442,727,382
531,1957,1251,2968,1942,3031,1387
532,0,0,0,0,0,0
533,2009,1519,1929,1521,2033,1258
534,1731,1688,1676,1716,1698,1331
535,1646,1603,1990,2049,2033,1497
536,1223,834,1186,813,1124,667
537,1060,767,1045,791,967,621
538,1871,1419,2802,2246,2763,1705
539,2551,2048,1266,996,1198,771
540,1220,1292,600,691,673,469
541,1522,1528,1416,1481,1553,1118
542,680,696,685,734,644,657
543,1622,1662,2002,2308,2211,1785
544,2084,1654,1512,1093,1456,850
545,2374,2313,2222,2568,2798,2083
546,1018,1118,1974,2393,2666,2006
547,702,692,763,647,645,659
548,684,758,1724,1717,1518,1524
549,1972,2021,627,696,547,575
550,1884,2068,1713,2025,1622,1670
551,2202,2185,2345,2328,2726,2421
552,1334,1405,1517,1557,1402,1287
553,846,742,792,794,766,619
554,1314,1363,1503,1665,1478,1361
555,2006,2350,3746,4744,3879,3783
556,2946,3659,3002,4063,3720,3400
557,2043,2428,566,1010,737,774
558,2234,1422,2667,1280,2375,1154
559,969,274,0,0,0,0
560,1415,606,2132,650,1875,561
561,1681,792,1837,793,1747,660
562,1465,1011,1328,875,1495,830
563,1723,961,2763,1278,2546,1067
564,1485,884,1117,671,999,602
565,1685,829,2167,998,1989,861
566,1719,731,2362,842,2157,659
567,664,148,0,0,0,0
568,3479,2976,3932,3340,4295,2968
569,2516,2244,2127,1983,2004,1547
570,782,619,1084,836,1137,654
571,1558,1608,1777,1782,1590,1697
572,2915,3155,2949,3252,2584,2888
573,1732,2070,1540,1972,1588,1590
574,0,0,0,0,0,0
575,2347,3753,2298,4318,2322,4248
576,1077,1591,1006,1652,1015,1627
577,640,1225,662,1292,523,1306
578,1294,1978,1311,2145,1203,1909
579,1308,2187,1216,2381,1589,2102
580,1159,2168,1113,2231,933,2094
581,1696,2285,1627,2695,1884,2171
582,531,510,542,539,529,509
583,1660,1804,840,1296,851,1096
584,1183,1286,0,0,2180,1918
585,1418,1400,2352,3007,1418,1152
586,1465,1410,1365,1493,2090,1814
587,511,686,1312,1676,752,781
588,1115,1275,797,1134,907,803
589,1132,1122,600,747,555,702
590,1645,1692,1995,2172,1709,2101
591,1983,2975,1863,3502,2010,3204
592,1209,409,1740,459,1541,368
593,2178,425,1537,190,1220,184
594,1318,449,1235,365,1230,330
595,1501,240,1572,246,1397,224
596,2219,281,2094,251,1642,208
597,999,180,1083,129,886,123
598,2592,771,2868,734,2876,558
599,0,0,0,0,0,0
600,737,98,1539,143,1242,138
601,1416,348,1693,309,1702,289
602,0,0,1624,348,0,0
603,1688,150,1719,114,1428,126
604,1140,131,0,0,0,0
605,613,64,1243,84,985,73
606,914,200,989,161,1002,143
607,1602,399,0,0,2258,437
608,1250,63,1243,55,999,51
609,1082,69,0,0,0,0
610,786,218,1191,299,1121,228
611,0,0,0,0,792,115
612,1052,37,2984,188,1691,136
613,2106,427,1918,457,2143,263
614,1426,299,1294,251,0,0
615,0,0,0,0,0,0
616,2612,622,2513,691,2606,361
617,1515,141,0,0,1044,97
618,1064,261,1739,529,1792,423
619,3245,470,2634,220,2766,137
620,3057,1062,3036,1292,2740,656
621,1536,281,1649,308,1709,185
622,2343,685,2300,663,2552,471
623,0,0,0,0,0,0
624,1500,874,1269,697,1253,436
625,1967,325,1850,362,1992,199
626,1770,261,2253,346,2214,291
627,1988,216,1342,128,1354,126
628,749,136,910,70,861,83
629,0,0,2108,123,2365,118
630,0,0,0,0,0,0
631,2426,507,2634,859,2905,462
632,1522,246,1860,412,1914,209
633,1804,179,1683,195,1703,136
634,2475,243,1711,162,1673,145
635,0,0,0,0,0,0
636,0,0,182,21,1163,149
637,3299,346,1154,106,1119,80
638,1903,376,2083,355,2056,210
639,0,0,1359,364,1437,210
640,0,0,0,0,0,0
641,2688,517,1667,255,1603,220
642,2112,416,2206,330,1030,150
643,1433,237,1931,329,1874,236
644,0,0,0,0,0,0
645,5675,1358,1309,524,2470,509
646,0,0,1841,304,1834,206
647,1277,143,1935,215,2052,168
648,850,62,0,0,924,55
649,739,91,956,101,920,68
650,1664,364,3822,910,2678,350
651,5036,730,5596,968,4055,382
652,1685,147,2443,228,2319,166
653,1470,183,2163,323,2975,339
654,2284,574,3858,811,3167,491
655,1813,379,1674,311,1737,243
656,2658,679,2979,676,3042,489
657,2021,343,3619,604,3668,370
658,1927,258,1923,283,1937,172
659,1265,283,2061,480,1294,203
660,0,0,1948,600,2525,389
661,3714,1088,3450,947,3630,523
662,3481,897,1964,595,3652,507
663,2474,624,1637,475,1732,310
664,1625,433,1040,290,1117,152
665,1101,478,1070,502,1011,360
666,926,434,946,456,998,285
667,886,453,1621,910,1465,809
668,2597,475,2369,462,2643,285
669,729,95,1667,134,1259,139
670,1274,192,1314,186,1236,110
671,962,81,972,94,849,76
672,1249,172,1525,172,1399,134
673,2452,742,2339,900,3167,724
674,1737,540,1844,778,2669,565
675,54,19,59,20,57,25
676,1634,1230,1517,1284,1389,1339
677,1387,1171,1214,1225,962,1298
678,711,696,640,725,422,917
679,962,697,819,694,560,903
680,1212,949,1091,1023,812,1159
681,1064,1470,1116,1480,775,1709
682,649,903,612,897,469,930
683,716,769,686,737,493,847
684,605,704,574,711,423,817
685,412,711,378,741,262,811
686,745,941,704,1010,563,1055
687,681,1060,606,1046,447,1100
688,1101,1648,1048,1652,666,1942
689,640,870,608,786,398,888
690,1753,1989,1795,2134,1431,2373
691,641,777,555,816,402,909
692,1120,1660,1094,1702,790,1949
693,1264,1788,1247,1756,797,2091
694,978,1157,959,1349,654,1805
695,751,1435,718,1480,518,1678
696,494,576,462,564,378,653
697,987,974,987,994,671,1128
698,1293,959,1482,1178,1093,1366
699,888,253,801,239,515,414
700,835,671,772,700,520,855
701,1105,1274,1084,1290,814,1511
702,962,932,878,967,659,1162
703,1729,1422,1539,1241,1190,1505
704,1929,1371,1823,1384,1276,1669
705,2530,1187,2259,1255,1469,1888
706,708,690,765,689,430,769
707,635,766,532,846,339,974
708,543,561,462,622,279,764
709,627,673,527,684,333,863
710,813,858,747,892,541,1008
711,739,1073,758,1047,477,1251
712,872,1014,842,991,501,1278
713,844,805,773,757,556,854
714,1288,1587,1220,1533,793,1847
715,0,0,0,0,0,0
716,697,808,651,827,415,1054
717,719,746,658,746,492,877
718,1183,1200,1167,1205,839,1447
719,1059,1265,990,1281,704,1402
720,933,962,913,892,744,956
721,920,1287,879,1372,532,1340
722,1604,1728,1247,1308,1058,1586
723,282,253,313,255,256,283
724,1438,1227,1785,1506,1502,1622
725,784,673,738,642,473,866
726,506,1170,464,1206,251,1352
727,757,590,658,612,391,790
728,735,426,583,483,432,559
729,1102,699,1074,630,623,877
730,809,612,889,680,664,852
731,1129,935,929,882,678,1043
732,609,716,559,649,341,797
733,748,599,682,577,465,726
734,496,591,450,608,251,666
735,916,722,842,753,585,902
736,1946,1308,1921,1284,1549,1463
737,801,618,728,661,492,688
738,1427,710,1394,665,1036,781
739,419,525,369,561,237,634
740,552,753,490,745,316,906
741,1757,2358,1712,2428,1237,2836
742,1005,1075,1063,1008,708,1171
743,1125,1073,971,1118,622,1427
744,881,864,852,820,505,1050
745,916,1001,872,1008,587,1182
746,1310,1265,1283,1333,964,1516
747,932,816,900,884,514,1048
748,585,675,529,711,346,882
749,874,946,762,1005,516,1163
750,794,1002,639,1108,438,1239
751,2229,2155,1936,2116,790,1284
752,1040,940,1060,1006,697,920
753,0,0,0,0,679,974
754,656,848,593,946,378,1149
755,517,424,475,413,327,530
756,1015,1587,965,1645,586,1823
757,2016,2945,1761,2787,1322,3053
758,919,1035,915,1207,674,1360
759,940,1244,911,1204,696,1253
760,647,979,520,918,299,1013
761,906,1776,861,1827,569,2024
762,1062,1427,1035,1481,834,1629
763,788,488,731,491,529,557
764,648,355,545,380,401,434
765,626,526,544,562,371,712
766,500,565,465,633,296,747
767,629,509,507,621,282,825
768,556,685,482,753,276,924
769,662,980,589,1048,394,1132
770,612,766,555,884,333,951
771,532,750,474,830,291,984
772,389,697,340,770,245,813
773,1219,1810,1168,1931,892,1874
774,999,1050,928,1194,578,1308
775,1026,1969,1012,2000,694,2207
776,1021,1369,931,1431,545,1752
777,1052,921,947,951,702,1079
778,679,576,580,570,381,724
779,823,1108,778,1123,483,1336
780,779,794,721,838,387,1006
781,1062,1620,1021,1653,579,2025
782,970,1301,923,1278,622,1459
783,254,421,250,423,151,460
784,1598,1832,1528,1827,980,2158
785,720,654,695,634,450,797
786,775,385,755,346,532,448
787,693,836,657,790,395,993
788,742,1108,695,1102,449,1299
789,700,1255,661,1298,375,1630
790,1243,1883,1167,1987,1191,3494
791,484,759,440,826,201,1055
792,824,1335,703,1431,357,2053
793,1296,1452,1302,1425,430,722
794,512,572,503,561,248,787
795,746,1371,682,1529,386,1885
796,1292,591,2151,900,1500,1077
797,1230,615,1165,524,841,640
798,0,0,0,0,0,0
799,867,292,0,0,0,0
800,1303,526,1259,496,828,741
801,1089,664,1150,598,787,722
802,1421,905,1365,947,1112,1063
803,1555,990,1415,936,836,1274
804,563,523,559,533,321,687
805,1439,974,1333,1017,775,1439
806,846,995,732,987,444,1183
807,598,627,553,687,346,778
808,796,871,711,961,406,1161
809,951,822,896,856,543,1035
810,781,1070,741,1189,436,1384
811,1147,1537,1295,1663,1026,1907
812,1680,1156,1730,1128,1506,1218
813,2047,901,1864,920,1509,748
814,2326,1960,1318,1123,1164,970
815,832,780,1235,1380,1173,1351
816,1074,564,1469,811,1072,858
817,718,706,669,806,399,1090
818,696,825,565,969,310,1132
819,478,704,403,778,217,882
820,922,654,845,632,714,729
821,361,251,305,229,267,254
822,1069,1228,1006,1167,826,1212
823,902,441,791,500,551,622
824,593,354,430,405,341,451
825,634,409,509,479,372,626
826,434,255,913,513,844,428
827,582,407,671,340,569,337
828,601,419,825,449,690,461
829,1612,871,1102,600,1102,419
830,542,286,602,271,565,229
831,962,682,1343,860,1211,882
832,842,621,1007,828,963,905
833,471,432,841,686,766,733
834,1158,1528,1108,1332,994,1568
835,1369,1018,1290,1007,970,1042
836,1332,1232,932,912,855,934
837,1278,1196,1465,1415,1608,1146
838,856,885,756,772,738,691
839,1594,1798,1588,2022,1896,1750
840,1528,1329,1256,1074,1153,900
841,999,933,1185,1175,1102,1067
842,2564,2177,1266,878,1080,818
843,1901,1822,3083,3260,3212,2888
844,695,573,750,536,558,405
845,734,660,985,875,850,769
846,712,677,893,802,864,654
847,751,662,1350,1094,1201,936
848,1486,1352,885,883,792,753
849,1161,1248,1365,1527,1521,1436
850,993,740,1075,657,928,640
851,963,623,1077,752,1056,780
852,2525,2268,1704,1680,1747,1541
853,1255,1192,1312,1342,1073,1640
854,1711,2364,1677,2402,1421,2508
855,1535,1982,1521,1861,1083,2133
856,1359,1648,1317,1670,1031,1828
857,831,1281,935,1423,678,1598
858,1375,1041,1259,934,1145,849
859,580,844,487,918,338,1083
860,661,846,544,891,454,937
861,778,654,697,612,584,701
862,700,890,639,916,526,961
863,1021,1566,854,1651,669,1975
864,898,1373,752,1473,512,1743
865,619,742,526,748,385,874
866,981,1284,843,1372,606,1498
867,1119,1373,1069,1497,898,1495
868,999,1360,880,1364,732,1428
869,854,1150,738,1090,580,1135
870,743,835,673,918,589,940
871,866,1296,777,1367,551,1516
872,564,781,475,837,370,930
873,866,960,758,944,464,1182
874,626,674,571,711,426,821
875,981,1449,882,1551,655,1720
876,550,417,495,478,332,664
877,804,746,517,543,347,620
878,612,779,530,808,348,927
879,555,442,686,644,527,832
880,873,864,796,832,592,957
881,908,618,872,624,683,774
882,661,420,619,468,427,590
883,636,635,598,676,365,832
884,867,911,810,885,548,1021
885,1184,1165,1136,1170,688,1383
886,1015,1260,980,1256,666,1455
887,761,739,749,677,509,756
888,1052,1114,986,1089,694,1380
889,358,424,300,493,161,631
890,551,543,473,527,320,654
891,465,380,395,414,279,509
892,405,477,351,520,229,641
893,244,828,206,872,138,903
894,1075,873,1105,964,784,1103
895,430,319,405,413,280,549
896,494,546,414,558,308,640
897,653,694,506,721,305,923
898,758,776,584,882,364,986
899,1117,844,896,775,665,884
900,945,619,856,665,600,745
901,698,617,594,670,409,812
902,853,931,687,1020,491,1187
903,827,929,726,947,506,1150
904,1602,1408,1428,1401,1007,1723
905,818,706,734,758,516,910
906,522,603,473,615,296,727
907,375,352,346,368,287,434
908,2361,418,2290,409,2291,227
909,979,355,1674,465,1578,344
910,1795,475,1201,357,1198,183
911,3296,1250,4414,1462,4376,1083
912,1780,466,2255,552,2077,470
913,1405,330,1382,151,1135,184
914,1597,463,1351,315,1426,266
915,997,392,837,291,797,236
916,1576,809,1674,726,1460,666
917,1454,595,1602,550,1455,529
918,1185,369,1205,318,1103,299
919,1030,346,1194,323,1047,282
920,0,0,1233,192,1016,220
921,787,188,1283,256,1771,419
922,847,310,856,319,803,235
923,1162,280,168,42,145,29
924,554,122,524,100,421,117
925,987,314,1019,238,898,243
926,1560,349,406,56,343,47
927,1491,452,1929,445,1162,335
928,0,0,0,0,0,0
929,1971,476,2904,578,1704,375
930,493,184,0,0,1324,377
931,1670,675,1706,639,768,362
932,2056,446,2422,543,2640,374
933,1323,245,0,0,0,0
934,0,0,1605,285,1528,242
935,2347,511,2336,471,2168,344
936,992,263,995,240,1076,197
937,1474,304,1380,204,1171,188
938,854,139,935,150,798,129
939,842,170,1677,229,1327,224
940,826,98,0,0,0,0
941,463,100,37,9,24,12
942,600,182,0,0,0,0
943,0,0,0,0,0,0
944,1042,350,0,0,0,0
945,3372,810,3050,617,1508,282
946,1432,71,1057,56,915,66
947,0,0,0,0,0,0
948,809,222,827,70,741,64
949,1133,171,2092,285,1934,202
950,962,146,0,0,0,0
951,0,0,1645,322,1663,172
952,2065,569,2222,602,2464,520
953,1252,354,1320,310,1377,298
954,682,163,1329,234,1170,238
955,0,0,0,0,0,0
956,1758,509,1568,402,1417,361
957,1542,540,1633,468,1450,447
958,0,0,0,0,0,0
959,1680,661,1769,577,1481,559
960,2535,1381,1199,633,1255,421
961,1426,263,949,357,2390,459
962,1339,135,1269,162,1063,84
963,1652,350,1436,327,1452,161
964,0,0,873,167,880,114
965,1259,231,1100,277,247,35
966,2559,600,2368,641,2421,415
967,2030,438,1111,263,2012,306
968,0,0,0,0,0,0
969,1358,374,1408,415,1322,347
970,678,110,1758,301,1693,355
971,2802,1071,2599,960,2699,620
972,2384,789,1123,338,2856,572
973,1067,335,2985,1024,1298,267
974,2455,982,2383,932,1968,550
975,1684,599,1814,645,1845,599
976,0,0,0,0,0,0
977,1049,362,1424,401,1484,382
978,1191,402,1194,332,1121,276
979,1953,562,995,224,926,187
980,1034,255,1111,306,994,254
981,1844,683,1131,352,999,320
982,2059,844,2813,1049,2752,887
983,3187,1257,2441,1098,2517,715
984,2630,1096,2843,1171,2682,720
985,772,284,1134,307,1094,295
986,2694,2700,2580,2740,2473,2424
987,407,398,406,399,336,360
988,0,0,0,0,0,0
989,1349,1149,1241,1112,1156,961
990,0,0,198,166,170,136
991,3199,2584,3077,2407,2825,2196
992,1703,1249,1725,1381,1570,1315
993,2205,1956,2106,1841,1912,1712
994,0,0,0,0,0,0
995,1396,1795,1250,2018,1618,1470
996,1957,1925,1912,1920,1881,1573
997,2035,1705,2093,1701,1921,1518
998,2328,1831,1778,1438,1751,1131
999,1996,1407,2568,1817,2507,1411
1000,1306,1297,1278,1305,1240,1090
1001,1954,1808,1877,1865,1907,1427
1002,1236,1117,1142,1163,1254,917
1003,1083,821,1023,816,1008,675
1004,686,1046,615,1063,644,637
1005,1180,1108,1146,962,1264,778
1006,739,566,725,495,673,494
1007,758,464,743,415,619,412
1008,1092,922,1121,891,1057,750
1009,1081,995,1094,916,1084,810
1010,1069,678,1150,665,1227,508
1011,0,0,0,0,921,522
1012,1556,1254,3742,2749,2853,1762
1013,3786,2577,1219,962,1171,611
1014,0,0,2370,1591,1528,782
1015,2010,1578,0,0,913,604
1016,1455,806,1515,780,1566,536
1017,1490,1398,996,1046,1090,679
1018,2512,1674,1646,1028,1617,833
1019,2191,1521,2816,1645,2670,1270
1020,2183,1345,3038,2055,2964,1525
1021,1268,702,1318,651,1200,464
1022,0,0,0,0,0,0
1023,1477,860,1514,798,1447,611
1024,1055,468,1085,427,1140,301
1025,1164,402,1103,373,1041,223
1026,999,368,935,326,917,245
1027,1227,695,1286,654,1148,570
1028,2024,1443,2055,1392,1884,1243
1029,634,316,599,307,578,262
1030,1513,983,1598,905,1464,799
1031,1962,1350,2034,1419,1828,1263
1032,1529,869,1300,723,1187,681
1033,893,658,974,769,971,681
1034,2219,1355,2102,1288,1942,1174
1035,1199,749,1608,972,1392,1028
1036,1065,857,1080,958,1226,887
1037,1444,909,1455,837,1163,595
1038,1762,1249,1815,1208,1573,1073
1039,0,0,0,0,0,0
1040,1978,1368,1904,1406,1699,1313
1041,607,105,719,59,606,64
1042,1143,240,1103,232,1112,154
1043,2843,941,3804,1891,3787,1154
1044,903,336,890,313,786,254
1045,477,449,370,456,215,505
1046,643,534,558,522,325,636
1047,598,738,552,811,351,941
1048,1141,1347,741,922,522,1006
1049,0,0,371,385,227,435
1050,611,959,480,1130,291,1273
1051,542,726,514,765,286,880
1052,358,538,350,557,210,603
1053,599,798,509,847,299,886
1054,542,571,480,597,293,691
1055,551,506,523,498,292,669
1056,746,610,620,663,432,789
1057,859,723,724,782,480,969
1058,607,748,538,762,321,886
1059,1321,2115,1315,2301,967,2651
1060,1357,1500,1343,1562,1129,1662
1061,1076,1354,997,1410,602,1714
1062,1125,1559,1091,1607,736,1819
1063,1432,337,2288,828,934,42
1064,1217,695,778,529,2178,1108
1065,880,354,861,609,791,584
1066,1970,668,1075,494,1034,407
1067,2151,1087,2449,935,2220,773
1068,1512,1284,2604,2149,2048,2422
1069,1465,1222,0,0,0,0
1070,1212,1086,903,871,755,973
1071,663,462,1350,1089,1043,1273
1072,557,843,472,872,313,939
1073,1171,1213,1143,1198,855,1323
1074,351,719,331,740,205,829
1075,656,1033,591,972,380,1199
1076,453,619,377,645,247,837
1077,813,1117,729,1125,532,1322
1078,751,1123,678,1108,426,1399
1079,424,546,397,559,271,694
1080,2592,1422,2604,1377,2278,1220
1081,935,433,907,455,850,403
1082,2458,1350,3235,1718,2787,1708
1083,1975,1017,1711,1047,1546,962
1084,802,406,1060,544,1080,516
1085,2897,1446,2897,1467,2761,1355
1086,1108,697,1058,713,1103,565
1087,1083,413,1290,396,1138,353
1088,0,0,702,395,701,281
1089,1079,537,1169,360,956,365
1090,0,0,0,0,0,0
1091,1020,302,0,0,952,351
1092,1263,367,0,0,0,0
1093,634,129,0,0,837,250
1094,1990,495,2216,539,0,0
1095,716,228,602,188,479,186
1096,0,0,0,0,0,0
1097,0,0,0,0,0,0
1098,657,203,574,212,572,194
1099,1977,1114,1890,1110,1621,1124
1100,0,0,0,0,0,0
1101,0,0,0,0,0,0
1102,789,303,737,287,595,395
1103,1100,386,1010,345,757,403
1104,0,0,0,0,0,0
1105,0,0,0,0,0,0
1106,1369,534,1234,488,992,582
1107,670,276,645,264,441,321
1108,1168,431,1122,400,807,569
1109,1234,546,1193,525,903,655
1110,537,308,563,303,399,398
1111,2914,1903,3024,2083,2631,2266
1112,1536,892,1503,894,1167,1090
1113,1565,1050,1474,1144,1301,1157
1114,2261,1736,2262,1870,1848,2113
1115,2075,1284,2021,1357,1511,1677
1116,1434,655,1380,656,976,909
1117,773,458,729,448,511,590
1118,1242,699,1155,758,884,982
1119,1774,975,1781,1024,1221,1351
1120,916,474,889,419,635,520
1121,1032,499,939,482,627,588
1122,1907,966,1809,938,1191,1222
1123,0,0,0,0,0,0
1124,1796,731,1702,688,1161,963
1125,940,412,855,461,587,693
1126,1179,550,1118,578,815,746
1127,0,0,0,0,0,0
1128,531,244,511,211,355,254
1129,2812,1466,2391,1396,1621,1600
1130,1161,430,1343,529,860,723
1131,1248,677,1130,738,809,951
1132,780,334,664,373,420,458
1133,385,209,375,249,266,309
1134,663,276,874,467,579,644
1135,909,495,556,375,312,530
1136,893,363,794,411,522,569
1137,553,349,492,348,319,479
1138,1108,643,1032,683,745,946
1139,1805,1053,1677,1100,1179,1390
1140,1236,827,1148,808,799,925
1141,1372,913,1265,901,963,1034
1142,1166,1070,1069,1072,807,1135
1143,2192,685,2284,640,1687,702
1144,2705,1181,2326,1070,2057,1038
1145,2435,900,2387,827,1848,921
1146,343,273,454,319,0,0
1147,1041,1283,1080,1435,798,762
1148,559,694,480,768,1680,1768
1149,2230,2256,2166,2257,1879,1720
1150,0,0,0,0,617,837
1151,2557,2948,2718,3337,2420,2317
1152,2767,2740,2816,3113,2896,2891
1153,2640,2745,2624,3178,2622,2875
1154,1259,1048,786,682,664,671
1155,438,462,911,913,754,966
1156,634,565,641,578,534,575
1157,1124,1448,1414,1788,1350,1751
1158,1377,1991,1392,2095,1131,2279
1159,1323,1890,1445,2260,1652,2232
1160,1868,2177,1911,2428,1759,2630
1161,1059,1556,1011,1623,955,1425
1162,1210,1519,1166,1542,1075,1523
1163,1784,3426,1725,3743,1569,3583
1164,1944,3501,2017,3866,1800,4239
1165,1265,1810,1267,1816,1076,2061
1166,1786,2392,1688,2582,1271,2843
1167,1997,3375,1927,3652,1296,4210
1168,1332,2192,1233,2212,825,2614
1169,1229,2357,1289,2511,856,2884
1170,2335,2964,2154,3045,1730,3117
1171,1818,2570,1843,2614,1381,2985
1172,1572,2482,1605,2795,1189,3215
1173,1714,2853,1616,3027,1127,3681
1174,2447,3235,2679,3925,2283,4187
1175,1107,1451,1341,1866,1057,1990
1176,1555,2072,1179,1761,953,1770
1177,851,589,851,555,728,599
1178,848,1458,825,1572,553,1736
1179,712,1049,690,1035,450,1121
1180,700,904,664,954,425,1089
1181,738,1081,737,1132,526,1247
1182,894,638,1261,879,936,812
1183,2537,1461,1742,1198,1521,1045
1184,2151,2051,2248,2260,2010,2173
1185,0,0,0,0,0,0
1186,1626,1495,1557,1406,1205,1564
1187,1011,957,792,675,600,743
1188,549,459,761,563,513,650
1189,477,457,609,568,474,539
1190,431,377,0,0,0,0
1191,1936,1591,2051,1696,1628,1674
1192,2610,2724,2630,2797,2269,3101
1193,1658,2123,1662,2596,1426,2765
1194,2183,2603,1763,2242,1519,2566
1195,1253,2035,1167,2141,779,2548
1196,808,1123,742,1231,502,1507
1197,574,1031,524,1130,355,1453
1198,474,937,413,1043,220,1356
1199,500,1302,421,1355,216,1561
1200,654,1050,590,1110,436,1325
1201,783,907,688,1013,395,1138
1202,847,1141,829,1240,573,1371
1203,1318,2328,1282,2506,802,2942
1204,1458,2058,1368,2242,853,2712
1205,2049,1615,1932,1643,1567,1690
1206,1496,2168,1378,2185,1005,2478
1207,2158,2489,1891,2551,1394,2650
1208,1507,2156,1438,2335,1246,2638
1209,1020,1869,966,1962,613,2317
1210,1094,633,846,448,518,300
1211,985,1464,945,1480,585,1746
1212,1832,2090,1883,2176,1439,2312
1213,1378,1534,1147,1318,871,1432
1214,894,795,1065,900,763,1086
1215,721,921,678,949,394,1170
1216,1349,1406,1344,1425,1044,1519
1217,817,971,667,837,529,866
1218,1040,887,977,818,614,1067
1219,596,789,545,802,392,885
1220,1696,1121,1659,1172,1376,1092
1221,489,800,538,792,348,823
1222,684,614,657,641,393,766
1223,931,687,899,691,592,893
1224,542,439,543,447,287,666
1225,750,444,652,469,407,637
1226,623,910,622,853,357,1078
1227,473,715,442,700,257,856
1228,758,667,650,668,357,896
1229,827,984,731,1000,431,1333
1230,489,587,435,614,243,798
1231,785,947,682,972,399,1126
1232,867,1251,818,1327,482,1674
1233,455,576,439,585,257,724
1234,632,557,615,524,417,631
1235,411,376,328,337,214,419
1236,867,561,804,611,645,662
1237,1141,1059,1060,1120,711,1368
1238,1290,1034,1240,1045,978,1193
1239,982,1364,952,1369,634,1532
1240,679,1005,680,1007,459,1150
1241,687,912,679,897,439,1084
1242,803,984,712,1042,452,1274
1243,1363,2073,1145,2112,776,2440
1244,716,1071,635,989,459,1132
1245,849,946,890,938,539,1149
1246,647,772,635,795,381,956
1247,853,1386,843,1392,487,1544
1248,1279,1378,1275,1324,964,1482
1249,773,729,727,667,467,836
1250,891,935,851,910,673,1048
1251,845,889,786,962,619,1002
1252,922,1274,863,1327,786,1271
1253,1916,2402,1826,2614,1687,2736
1254,1463,1667,1933,2566,1724,2577
1255,1724,2373,1350,2046,1358,1940
1256,1219,1363,1202,1385,1052,1344
1257,1297,1148,1252,1205,1225,1042
1258,281,463,235,524,272,428
1259,2038,1849,1970,1963,1909,1641
1260,1349,1167,1356,1177,1233,1030
1261,1207,1597,1134,1726,1091,1548
1262,793,874,757,904,615,681
1263,1204,1452,1215,1621,1241,1401
1264,1060,1042,964,1059,1046,1139
1265,1451,1341,1186,1274,1342,1330
1266,1545,1039,1834,1293,1759,1082
1267,1933,1637,2024,1900,1980,1712
1268,1210,638,990,550,893,527
1269,2346,2713,2296,3057,2289,2764
1270,585,402,529,401,472,409
1271,593,544,613,575,583,597
1272,0,0,0,0,0,0
1273,0,0,0,0,0,0
1274,2051,1598,2123,1636,1906,1592
1275,1307,883,1283,904,1072,860
1276,1387,1157,1685,1353,1530,1234
1277,1644,1363,1517,1157,1292,1124
1278,1534,1025,1603,1050,1322,1003
1279,997,586,907,518,774,565
1280,1574,955,1354,865,1115,734
1281,1008,726,1046,739,757,800
1282,1445,1202,1426,1258,1512,1020
1283,1016,886,1159,1038,1168,815
1284,1057,1123,1249,1462,1339,1147
1285,1648,1100,2188,1522,2112,1351
1286,1527,1136,1298,1015,1286,852
1287,1290,1084,963,883,980,733
1288,3085,2707,1497,1289,1485,1037
1289,0,0,1351,1391,1428,1082
1290,1585,1342,1610,1590,1963,1544
1291,3741,4322,4157,5472,5431,4971
1292,1230,1120,1126,1138,1058,1067
1293,1546,1551,1475,1679,1447,1484
1294,2705,2248,2459,2152,2374,2038
1295,2128,1885,2462,2218,2188,2238
1296,1592,1230,1061,915,870,941
1297,1696,1636,2122,1970,1784,1813
1298,1510,1099,1253,868,936,955
1299,2102,1561,2663,2016,2108,2180
1300,883,773,864,831,604,834
1301,1039,801,997,756,799,880
1302,640,952,633,930,411,1054
1303,810,951,632,1042,429,1190
1304,740,835,626,842,464,939
1305,2395,1832,2113,1981,1464,2131
1306,1593,980,1456,1022,1080,1201
1307,1688,1106,1562,1093,1283,906
1308,1247,564,1100,556,890,641
1309,1991,960,2351,1340,1894,1153
1310,1282,541,1302,847,1117,799
1311,1557,720,1539,769,1116,928
1312,2490,2140,1623,1676,1238,1805
1313,946,977,814,1014,498,1157
1314,1119,1155,1120,1182,786,1401
1315,2626,3941,2736,4426,2327,5086
1316,0,0,0,0,0,0
1317,2709,2940,0,0,2007,3534
1318,767,1100,3345,4331,468,1277
1319,1218,1761,1174,1904,858,2212
1320,1399,1602,1265,1701,951,1940
1321,1026,1346,947,1377,683,1468
1322,1782,2215,1764,2297,1422,2429
1323,1602,2077,1465,2094,1191,2088
1324,1608,2514,1424,2683,1110,2907
1325,1845,3043,1825,3206,1501,3393
1326,3255,4993,3254,5557,2809,5485
1327,1657,2281,1617,2394,1268,2310
1328,1783,2785,1811,2961,1586,3003
1329,1426,2227,1434,2444,990,2684
1330,771,1330,717,1356,466,1498
1331,869,1624,843,1620,573,1757
1332,1062,731,913,810,625,881
1333,586,707,524,699,329,790
1334,687,648,619,708,345,925
1335,481,493,409,589,225,736
