rn,D04,R04,D08,R08,D12,R12,D16,R16
0,903,1102,954,1015,876,1127,733,1285
1,489,404,513,327,434,355,284,480
2,679,534,713,430,812,645,539,863
3,1244,1000,1369,722,1123,757,725,1006
4,419,287,428,205,497,253,269,357
5,856,699,845,556,849,681,518,997
6,857,864,984,719,951,826,677,978
7,577,174,558,141,550,112,436,126
8,351,209,1216,419,1077,460,1025,473
9,268,170,779,379,660,402,360,197
10,875,537,807,491,794,569,775,962
11,478,324,493,238,486,291,314,361
12,695,644,699,530,619,557,407,651
13,596,352,1266,436,1213,429,909,533
14,1082,1061,1169,975,1070,1143,786,1421
15,1167,955,1197,816,1031,882,803,1120
16,1125,1015,1008,871,952,985,629,1224
17,1281,1521,1329,1270,1235,1319,878,1498
18,974,978,973,748,1146,1017,880,1198
19,1567,1574,1756,1415,1112,1017,805,1132
20,1276,1529,1417,1358,1499,1762,1048,2083
21,1209,1288,1191,1117,1065,1255,709,1522
22,473,602,520,551,441,591,324,666
23,1542,1507,1518,1336,1339,1472,1027,1750
24,1026,389,1068,294,1185,312,985,308
25,710,456,664,451,701,512,608,558
26,1519,841,1599,729,1616,747,1402,819
27,1714,1252,1747,1141,1690,1247,1258,1545
28,876,816,894,750,841,785,700,894
29,1113,883,1257,582,617,259,478,283
30,1191,1189,1319,932,2032,1362,1482,1424
31,1027,1127,1102,840,1979,1646,1558,1696
32,490,466,568,335,547,390,394,418
33,1389,1155,1528,813,1506,942,1133,982
34,492,647,575,491,434,437,359,421
35,515,320,538,190,792,264,590,311
36,1456,1417,1577,1027,1090,761,852,873
37,430,423,500,292,694,457,515,508
38,899,691,1061,482,708,425,497,465
39,434,258,395,118,489,193,403,207
40,654,299,640,209,557,217,453,222
41,0,0,0,0,303,76,200,77
42,422,192,442,117,0,0,0,0
43,1024,680,1091,496,649,320,606,304
44,682,474,706,365,1229,662,1048,650
45,1463,1137,1483,798,1814,1019,1363,1138
46,854,632,872,399,615,307,486,328
47,484,369,560,254,946,509,772,550
48,1062,1248,1225,993,223,116,193,134
49,1833,1907,2356,1515,2294,1972,2001,1927
50,2725,2864,3149,2252,1877,1550,1695,1474
51,937,1140,1207,933,776,758,606,749
52,588,794,878,744,2028,2319,1798,2396
53,1262,1880,1748,1601,1667,1757,1781,1788
54,1409,1869,1875,1574,1283,1357,905,1000
55,1363,1565,1760,1322,1499,1585,1320,1649
56,1329,1811,1863,1651,1619,1974,1528,1845
57,1406,1850,1788,1650,1549,2047,1228,2248
58,1132,2179,1467,1978,1460,2544,1188,2699
59,915,1682,1281,1480,1022,1782,1012,2050
60,1404,1898,1712,1620,1474,1859,1172,1657
61,1407,2170,1664,1669,1514,1869,1295,2008
62,686,1030,1030,1112,1342,1747,1383,2252
63,1299,1559,1551,1288,1338,1512,946,1835
64,879,1563,1496,1784,1335,2212,1332,2204
65,1313,2101,1946,1887,1686,1885,1628,2406
66,1416,1750,1923,1606,1938,2165,1680,1805
67,872,829,1021,626,997,974,1010,856
68,1014,1176,1205,947,792,775,852,847
69,410,658,447,497,431,421,410,471
70,345,497,339,320,398,390,204,235
71,948,1446,1211,1245,1452,1420,1175,1355
72,1021,1283,1137,949,722,715,572,704
73,1353,2032,1616,1613,1153,1467,991,1359
74,1026,1054,1161,795,1037,893,772,926
75,463,743,633,646,902,972,809,1003
76,1302,2036,1685,1764,1565,2365,1436,2660
77,618,1122,762,940,600,1178,446,1223
78,1133,1642,1457,1517,1355,1782,1003,1992
79,1860,3295,2923,3375,3785,5411,3766,5963
80,886,1654,1064,1436,1376,2016,1244,1827
81,1050,1217,1206,943,818,562,627,576
82,1208,1218,1316,891,218,239,185,231
83,808,768,849,615,777,762,488,919
84,700,652,656,498,631,509,443,653
85,654,534,596,470,527,546,361,652
86,778,645,784,585,676,635,545,750
87,1058,903,1064,758,959,912,685,1070
88,1352,1282,1360,1097,1297,1219,1013,1450
89,622,479,546,426,504,468,361,612
90,749,689,698,612,610,634,460,787
91,628,654,607,571,565,671,386,850
92,547,751,549,687,519,723,357,786
93,601,888,577,807,491,835,372,925
94,925,1551,1155,1184,988,1355,696,1553
95,782,1371,929,1143,768,1332,463,1473
96,911,1030,1100,774,1264,1050,974,1025
97,799,967,1078,706,599,418,445,423
98,1171,1853,1637,1678,1405,2053,1366,2161
99,815,1147,1169,1093,869,1120,842,1180
100,808,1177,911,1010,747,1260,583,1392
101,1069,1412,1229,1129,1079,1366,787,1504
102,1342,1440,1513,1147,1241,1420,901,1509
103,226,197,1196,1493,675,941,866,1348
104,888,1254,1416,1427,1854,2224,1719,1799
105,598,375,612,326,740,553,601,646
106,1375,1230,1767,1244,1784,1489,1396,1769
107,1030,940,1046,813,1058,844,883,852
108,1975,2098,2449,2021,1643,1676,1391,1856
109,1405,1226,1511,922,1635,1206,1262,1328
110,1884,2025,1838,1622,1858,1931,1650,2265
111,1066,1067,1118,872,1356,1220,912,1452
112,1018,1175,1074,1065,785,883,531,1201
113,1850,2341,2091,2127,1845,2224,1380,2671
114,1035,1264,1134,1059,934,1304,669,1557
115,1459,1668,1600,1422,1599,1992,1212,2319
116,883,1239,953,920,751,1091,581,1149
117,931,973,1100,845,813,898,567,1086
118,849,724,822,646,798,818,502,1033
119,761,832,805,705,628,684,450,845
120,851,1129,981,859,771,1148,477,1288
121,959,1124,1057,897,789,1002,522,1182
122,786,915,887,761,828,857,590,949
123,820,889,848,749,794,914,532,1120
124,704,1564,853,1234,872,1267,644,1307
125,1358,1548,1618,1244,1683,1278,1190,1473
126,1094,1143,1258,909,1277,957,963,1095
127,1349,1144,1504,859,1604,890,1132,918
128,999,904,1147,716,1093,607,901,792
129,1341,1555,1557,1284,1632,1448,1324,1520
130,1329,1244,1583,1071,1616,1144,1237,1230
131,1678,1391,1873,1199,1884,1260,1753,1313
132,1214,1168,1401,1023,1467,1241,1213,1310
133,1148,1054,1273,855,1271,947,935,1076
134,818,981,1052,799,1128,942,855,1038
135,1268,1260,1542,1000,1648,1045,1381,1091
136,948,606,958,451,899,451,656,562
137,683,524,705,428,678,438,548,592
138,763,689,852,523,753,586,520,764
139,1149,919,1248,724,1538,1109,1098,1373
140,386,312,421,230,207,145,149,154
141,727,630,803,474,554,338,448,391
142,0,0,0,0,1543,302,1602,227
143,733,327,788,240,1322,270,1364,168
144,975,437,1062,334,0,0,0,0
145,1757,799,2028,592,2575,801,2540,527
146,2857,1243,3065,986,3140,1249,3234,884
147,2226,695,2450,528,2583,513,2662,349
148,2014,581,2095,460,1386,290,1513,167
149,1027,350,1061,256,2099,416,2161,275
150,1899,770,2095,538,2175,699,1876,382
151,1714,1198,2415,1146,0,0,1427,338
152,1850,696,2082,465,2545,607,2392,422
153,689,325,798,266,1989,609,2029,449
154,2477,1234,2645,875,2146,639,1995,523
155,2122,986,2463,699,3410,1171,3198,713
156,1944,907,2231,625,3638,1270,2513,599
157,1830,616,1907,399,1949,526,1626,267
158,1863,474,1848,340,1897,395,1930,234
159,2271,391,2298,285,2327,300,2400,181
160,1300,193,1303,166,719,86,746,44
161,3179,900,3302,654,3144,788,3270,408
162,1390,247,1545,178,2124,281,2258,189
163,1759,779,1864,628,1831,786,2159,646
164,1792,838,1830,553,1398,597,1687,485
165,3530,825,3647,635,3481,637,3740,443
166,1422,231,1499,166,0,0,0,0
167,1130,200,1130,101,1335,144,1110,123
168,2524,868,2655,604,2380,538,2216,359
169,1776,698,2127,557,3120,1056,3653,836
170,0,0,0,0,0,0,0,0
171,2080,628,1981,400,1862,369,1854,339
172,3462,1487,4008,1262,1415,579,1882,499
173,2763,712,2862,536,1835,717,2072,452
174,2325,552,2868,652,1981,403,2479,281
175,0,0,0,0,2895,1459,3565,1208
176,1249,273,1526,285,918,214,1188,174
177,1844,415,1774,303,2838,387,2775,207
178,4622,515,4529,370,3770,280,3900,209
179,0,0,0,0,614,94,343,32
180,4113,233,4236,192,4506,209,4452,148
181,3145,320,3237,209,3686,307,3299,181
182,1960,255,1969,168,2150,124,2033,127
183,1527,420,1638,288,2402,367,2045,349
184,841,229,919,189,948,146,822,154
185,695,306,788,258,865,275,791,201
186,961,366,1040,237,1169,225,1086,220
187,1482,446,1626,322,1517,235,1318,222
188,1189,291,1277,180,1026,125,907,116
189,491,147,524,111,788,115,695,117
190,1632,669,1757,468,2411,574,2106,540
191,1943,840,2286,564,2424,624,2289,472
192,1952,691,2047,496,1894,340,2065,426
193,1116,318,1169,258,1264,238,1153,199
194,376,178,377,117,878,228,808,189
195,2107,1058,2266,772,2460,757,2328,616
196,1123,414,1140,316,1301,255,1132,248
197,3702,1753,4265,1536,3788,1227,3620,1034
198,392,100,501,103,503,86,426,54
199,1023,221,1032,157,1040,195,1285,121
200,536,485,614,389,576,448,690,294
201,1463,676,1621,536,2116,662,2218,523
202,1407,640,1533,484,1328,413,1301,355
203,625,415,683,308,1035,509,945,438
204,2420,1742,2886,1464,2650,1457,2642,1268
205,1692,1266,1759,978,2000,1107,1901,1085
206,2010,1373,2332,1029,1880,760,2540,828
207,2473,1597,3484,1411,3953,1640,3964,1324
208,3096,2319,4078,1865,4124,2197,4297,1645
209,1609,1322,2112,1275,2337,1500,3420,1387
210,0,0,0,0,1252,1109,1256,704
211,3018,2432,3737,2081,3807,2701,4249,2199
212,1509,773,1739,636,1821,727,1874,567
213,1429,729,1578,549,1575,629,1566,330
214,2962,1764,3345,1402,3222,1370,3441,1135
215,3743,2671,4231,2333,4021,2499,4207,2206
216,1707,1682,2254,1509,2098,1655,2178,1406
217,842,805,1000,701,1108,874,1225,809
218,1903,1100,2990,1102,2990,1214,3522,1171
219,1779,1472,2136,1197,3971,2027,3900,1924
220,1896,1915,2592,1652,2423,1550,2450,1566
221,1096,1087,1494,919,1153,661,1177,637
222,1388,1040,1745,815,1223,703,1237,562
223,1254,868,1635,710,1715,985,1670,741
224,1558,1268,1986,998,3222,1850,3333,1638
225,1241,1285,1471,1053,1505,1093,1262,1126
226,1530,1356,1818,1028,1866,1161,1509,1227
227,1981,1479,2337,1238,2402,1496,2134,1528
228,2042,1672,2790,1548,2700,1628,2626,1463
229,1765,1548,1946,1254,2239,1605,2113,1524
230,1068,739,1247,561,1026,520,860,655
231,837,444,912,324,687,299,547,233
232,2195,1592,2402,1134,3079,1338,2958,1426
233,1481,878,1718,688,1752,808,1531,745
234,1491,1102,1651,879,1760,1038,1596,940
235,2086,1420,2365,1104,2588,1330,2416,1044
236,1631,1104,2406,1168,1541,832,1820,943
237,1734,885,1846,726,1863,818,1695,855
238,1563,1052,1784,949,1765,1140,1677,1023
239,2140,1430,2525,1223,2666,1413,2584,1202
240,1281,1106,1425,935,1402,1026,1270,975
241,1368,962,1569,842,1608,943,1544,852
242,1562,964,1789,789,1851,911,1572,940
243,2308,2332,2974,2013,3114,2372,3039,2511
244,848,752,1149,645,1261,783,1401,820
245,1363,1220,1938,1071,2026,1156,1689,1026
246,1485,1093,1826,916,2400,1400,2802,1154
247,1383,390,1488,294,1154,559,1140,441
248,763,278,827,195,2474,434,2359,350
249,992,2217,1117,1913,1089,2360,788,2273
250,605,1173,684,1001,752,1251,508,1328
251,922,1766,1080,1378,1091,1246,755,1355
252,1072,1602,1244,1401,1763,1802,1345,1942
253,594,886,658,734,664,749,460,887
254,752,1196,798,1022,876,1048,638,1110
255,1092,1166,1321,906,1081,697,880,844
256,733,734,903,577,533,344,439,443
257,872,779,962,628,1271,820,848,929
258,1047,928,1203,713,1221,786,931,820
259,912,1470,1016,1164,972,1062,682,1166
260,681,967,726,807,591,701,410,753
261,1057,1545,1223,1309,1087,1469,836,1605
262,721,1787,832,1566,696,1620,534,1764
263,782,2261,918,2154,808,2430,670,2454
264,751,1598,874,1390,857,1753,597,1818
265,889,1640,1076,1459,1085,1944,757,1811
266,946,1387,1076,1135,1090,1207,743,1372
267,724,1191,808,975,703,1094,648,1130
268,546,908,664,783,532,828,499,831
269,911,1044,1139,848,869,775,774,736
270,862,783,973,689,1104,918,1111,828
271,968,860,1163,715,1092,815,954,879
272,1029,1212,1203,1046,1145,1226,1012,1249
273,894,1085,1129,833,981,914,698,1106
274,1175,1097,1415,761,1206,852,1045,888
275,1382,1430,1701,1122,1691,1229,1452,1313
276,546,686,651,523,659,709,533,769
277,600,713,768,575,610,683,435,812
278,670,267,638,216,749,251,550,332
279,1270,652,1288,598,986,413,773,541
280,992,466,964,394,1235,538,960,614
281,1204,536,1090,458,1281,589,1054,704
282,2541,1260,2390,1186,1502,733,1223,838
283,494,217,491,219,791,371,664,446
284,758,351,691,331,748,318,517,417
285,1119,414,1049,401,593,252,424,340
286,1169,403,1110,351,931,318,663,410
287,2200,1469,2099,1425,2103,1512,1574,1798
288,2219,1124,2184,1027,2145,1118,1612,1530
289,1901,1289,1836,1229,1799,1292,1343,1691
290,1195,1114,1161,964,930,947,667,1187
291,1154,1137,1081,1034,1039,1216,690,1487
292,1270,1283,1401,1121,1292,1209,991,1438
293,2002,2272,2206,2043,2068,2344,1626,2646
294,1333,1076,1482,975,1070,716,1195,962
295,1195,1148,1212,987,1187,1206,880,1384
296,2151,1607,2476,1393,2239,1588,1593,1361
297,1739,1242,1983,1049,1491,998,1392,1021
298,940,963,1011,781,885,866,613,1090
299,1167,1371,1281,1158,1254,1310,955,1444
300,918,916,1014,808,939,903,824,1002
301,1513,1663,1923,1595,2215,2202,2255,2258
302,1994,1730,2192,1525,1918,1571,1789,1743
303,1792,1298,1842,1092,1744,1145,1456,1195
304,1371,1308,1525,1124,1841,1502,1601,1488
305,1547,896,1600,714,1269,565,1047,538
306,2128,1244,2269,963,2018,926,1885,953
307,1305,1369,1500,1094,1545,1297,1455,1105
308,1156,1177,1344,1017,1384,1143,1028,897
309,1595,1617,1774,1368,1213,1202,1199,1164
310,1345,1261,1505,1063,1369,1159,1347,1036
311,0,0,0,0,0,0,0,0
312,2893,1455,2961,1158,2310,1127,2003,1088
313,957,970,1229,840,1267,1037,1168,1012
314,1792,1173,1897,916,1917,1100,1745,1145
315,1187,970,1329,853,1250,1000,1055,1070
316,1566,1692,1713,1575,1630,1922,1435,2019
317,2902,1580,3237,1315,2698,1279,2480,1084
318,525,1016,636,888,539,950,406,1026
319,468,687,498,624,414,695,259,872
320,1376,1888,1527,1463,475,501,385,471
321,555,599,596,415,562,433,393,463
322,711,777,765,523,870,631,579,676
323,1136,1501,1413,1106,1022,855,774,889
324,439,530,507,353,742,500,554,551
325,917,1337,1228,1129,1372,1451,1103,1505
326,523,633,585,446,989,945,747,1001
327,0,0,0,0,967,1063,840,1031
328,1276,1758,1507,1420,0,0,0,0
329,1968,3402,2513,2961,3120,3930,2558,3718
330,1079,1548,1560,1519,1871,1700,1414,1935
331,1040,2419,1269,2095,1290,2264,918,2473
332,1033,1373,1152,1116,973,1021,802,1090
333,1023,1226,1207,1014,1268,1240,1016,1206
334,567,1516,674,1298,760,1511,467,1636
335,778,1820,908,1622,1025,1590,741,1705
336,1134,3010,1458,2545,1314,2844,962,2891
337,1693,3623,2228,3392,1871,3597,1727,3400
338,891,1996,1106,1633,877,1867,696,1909
339,1077,2335,1260,2114,1011,2412,711,2472
340,388,465,429,329,371,366,223,519
341,597,561,737,548,625,608,401,724
342,712,761,906,658,845,732,554,939
343,812,821,601,428,584,466,401,605
344,765,717,907,462,970,638,603,851
345,1067,966,1230,668,1099,619,746,853
346,902,1034,1032,700,1027,822,683,1015
347,816,748,907,541,821,633,589,915
348,896,948,964,699,825,830,574,1095
349,689,954,913,656,902,808,617,882
350,965,1066,1104,712,981,816,710,902
351,747,767,814,584,787,679,553,811
352,1160,881,1397,725,1402,921,1310,1078
353,2222,1977,2781,1562,2258,1449,1803,1617
354,1347,1107,1414,878,1270,1024,928,1140
355,1288,1043,1412,881,1252,1016,935,1191
356,1875,1286,2455,1096,2800,1622,2411,1727
357,1791,1219,2130,1039,2114,1221,1868,1277
358,1542,1579,1822,1246,1378,1176,1116,1311
359,567,539,620,365,1038,687,824,719
360,1307,986,1574,915,1306,863,1092,949
361,844,879,966,564,691,458,560,491
362,889,1194,1120,918,1037,1102,752,1279
363,983,935,1157,707,1180,898,830,1097
364,565,800,619,649,551,637,398,724
365,513,712,561,561,556,617,394,686
366,784,1140,829,1019,807,1169,542,1359
367,740,1310,780,1126,665,1085,530,1062
368,475,975,547,812,536,804,357,912
369,528,1535,664,1226,678,1470,472,1473
370,1534,1012,1657,778,1344,664,1029,704
371,838,682,930,459,982,563,734,684
372,809,774,958,549,993,597,727,729
373,1247,1063,1419,746,1729,946,1564,1012
374,1609,985,1802,733,1826,883,1561,974
375,896,726,1226,568,1231,634,1054,706
376,804,558,625,380,679,481,456,628
377,561,444,574,374,507,487,362,534
378,591,882,715,710,598,822,457,919
379,733,646,792,522,798,591,579,788
380,866,827,921,661,926,795,648,892
381,1138,991,1185,838,1094,938,730,1238
382,1135,946,1245,726,1248,832,893,1119
383,1377,977,1429,805,1232,744,968,869
384,1393,2257,1677,1924,1351,2085,1101,1984
385,231,344,247,270,607,902,417,902
386,1036,2137,1283,1909,1095,1523,748,1488
387,1228,1438,1512,1137,1427,1323,1125,1426
388,1487,1623,1919,1501,1841,1448,1669,1394
389,577,693,647,565,647,633,575,561
390,934,976,1051,824,1229,1114,1052,1088
391,1000,1433,1225,1375,1369,1755,1104,1873
392,935,1680,959,1594,717,1420,598,1405
393,568,1034,655,894,918,1505,699,1496
394,849,864,1040,716,904,739,712,784
395,889,905,1083,746,1042,851,835,921
396,863,961,950,834,751,869,603,928
397,441,552,509,494,355,427,276,442
398,1520,1472,1762,1277,1508,1186,1269,1120
399,647,533,730,449,708,551,635,555
400,713,638,1207,787,1232,958,1023,894
401,1514,1973,1956,1905,1516,1925,1322,1903
402,212,381,240,336,200,373,140,378
403,568,1518,791,1555,741,1930,666,1875
404,698,1079,798,927,698,761,447,989
405,858,1109,964,881,1147,1070,778,1379
406,288,384,305,335,625,748,406,997
407,1084,1236,1108,991,1011,883,632,1229
408,744,770,771,608,832,561,584,723
409,863,800,882,580,811,565,491,734
410,1199,1095,1358,826,1118,823,735,1079
411,1321,919,1585,827,1553,978,1173,830
412,817,498,1119,516,1417,625,1176,542
413,1964,1185,1996,1023,1196,578,936,646
414,967,548,1066,435,2081,1087,1736,1158
415,2389,2183,2802,2073,2304,2047,1631,1892
416,1771,1540,2037,1259,2107,1557,1969,1876
417,755,232,761,193,1882,685,1418,663
418,697,239,756,189,415,130,324,150
419,1461,648,1439,476,668,159,431,198
420,711,339,744,359,294,150,277,138
421,943,266,988,192,842,143,552,152
422,0,0,0,0,1652,657,1160,681
423,1773,1197,1818,959,1058,481,787,545
424,1018,807,1065,668,1796,1266,1464,1210
425,514,347,620,226,890,402,657,480
426,1266,483,1337,360,279,59,191,64
427,822,576,911,408,1447,551,1034,550
428,0,0,0,0,723,290,609,281
429,1636,1090,1759,916,1257,710,1132,708
430,1475,1652,1760,1542,1613,1729,1364,1757
431,631,420,868,538,1299,614,908,706
432,781,557,826,421,487,320,373,322
433,3335,2614,3564,2178,2564,1820,2066,1770
434,1842,1639,1873,1377,1093,927,935,926
435,656,631,732,523,1593,1437,1416,1335
436,1608,1625,2298,1643,1706,1588,1628,1497
437,2132,2585,2617,2548,2399,2573,2148,2800
438,970,1723,1148,1576,1206,1959,1014,2020
439,1313,2254,1497,1968,1390,2225,1110,2277
440,600,830,703,747,685,830,491,955
441,851,1326,1151,1225,1523,2026,1049,2068
442,809,1164,1002,969,596,711,430,733
443,674,1065,930,1087,911,1223,733,1407
444,711,1066,966,1028,846,1063,648,1182
445,814,1241,1098,1160,1095,1377,830,1519
446,883,757,965,581,889,631,694,696
447,763,763,818,602,760,712,526,803
448,1875,2763,2344,2181,1880,2694,1305,3059
449,1654,1687,1775,1347,1624,1710,1102,2060
450,0,0,0,0,310,132,218,151
451,1774,971,1959,728,878,293,613,318
452,1414,761,1535,560,1965,868,1595,910
453,955,438,1041,356,1551,721,1382,707
454,1302,938,1658,729,1482,933,1760,1122
455,1204,806,1319,637,1401,665,1350,579
456,2487,1761,2621,1395,1533,923,1471,876
457,1387,768,1503,686,883,477,861,387
458,883,493,987,419,928,296,714,344
459,939,461,1010,352,1511,612,1228,661
460,1097,739,1184,578,1250,632,1086,597
461,938,704,985,518,915,454,795,472
462,0,0,0,0,1394,891,1190,794
463,1018,1176,1357,1059,1403,1280,1080,1439
464,874,1027,1144,877,1097,997,1147,1286
465,2397,2697,3391,2585,2651,2202,1955,2220
466,2075,2311,2672,2074,2757,2459,2655,2826
467,253,308,305,285,255,262,237,295
468,1778,1405,2011,1071,2139,1380,1682,1440
469,1065,1287,1421,1225,1577,1476,1410,1463
470,1940,2236,2470,1926,2220,2067,2133,1889
471,2392,2146,2543,1789,2280,1847,2009,1770
472,389,422,446,371,727,707,632,675
473,3075,2635,3456,2146,2358,1872,2181,1738
474,1204,1517,1505,1334,935,993,762,1064
475,905,628,934,500,932,542,702,612
476,913,829,966,623,1015,771,769,903
477,810,910,963,697,902,770,650,935
478,897,531,884,397,888,441,595,584
479,877,1031,985,767,799,790,572,943
480,833,1029,885,876,760,955,523,1116
481,717,1010,777,854,767,1179,524,1261
482,1022,1628,1145,1305,1046,1519,708,1712
483,497,531,495,476,470,558,323,655
484,817,922,895,702,738,821,599,825
485,865,1115,985,868,792,784,573,909
486,669,766,768,642,772,810,585,908
487,642,620,634,420,641,543,441,568
488,664,720,719,604,589,545,387,655
489,396,442,467,374,470,523,339,663
490,781,774,920,678,660,616,471,736
491,1010,1227,1176,1058,1029,1337,724,1497
492,1208,1417,1421,1156,1033,1193,743,1352
493,341,297,408,236,631,516,674,769
494,556,548,625,400,743,586,469,619
495,1217,1213,1286,951,995,786,538,634
496,1527,1567,1642,1351,1419,1249,1074,1401
497,941,1136,1038,937,957,825,822,1093
498,1202,1672,1398,1491,1203,1038,1027,1565
499,780,575,833,455,836,722,676,583
500,636,480,671,308,811,701,449,424
501,1814,1670,1917,1384,1853,1641,1230,1591
502,1010,896,1155,780,1032,952,688,881
503,872,697,877,555,824,711,586,711
504,852,762,923,583,662,491,475,583
505,992,942,1045,754,1171,949,905,1226
506,777,652,843,501,835,621,489,626
507,872,564,954,394,840,623,482,593
508,1327,1526,1378,1302,1009,1193,683,1358
509,1439,1788,1601,1533,1476,1774,985,2001
510,1044,1497,1140,1191,919,1490,612,1640
511,1364,2146,1509,1790,1400,2025,949,2209
512,918,1605,1035,1422,972,1745,749,1726
513,1358,1749,1421,1508,1115,1472,844,1584
514,927,1103,1048,995,1069,1382,813,1449
515,652,435,702,324,338,180,248,144
516,407,418,479,329,1056,610,834,623
517,1623,1836,1838,1458,1457,1564,1298,1364
518,1729,1477,1971,1271,1451,1146,1186,1085
519,769,659,824,489,520,306,381,307
520,486,391,521,266,1058,687,797,658
521,685,510,722,364,472,293,310,310
522,1143,835,1253,632,1341,1015,1084,951
523,1232,1196,1383,884,1470,1071,1255,968
524,589,590,635,453,604,519,655,833
525,867,978,1031,781,806,758,665,736
526,1628,2233,2293,2236,2225,2676,1888,2982
527,1307,1790,1465,1190,1430,1550,1177,1540
528,1016,1229,1274,1104,1347,1390,1129,1431
529,1639,2012,2151,1798,2027,2340,1642,2640
530,1429,1611,1602,1377,1329,1589,1053,1867
531,1778,2662,2026,2315,1845,2557,1485,2209
532,1344,1929,1808,1813,1539,2010,1642,2310
533,1106,1361,1219,1235,1068,1481,882,1590
534,1384,1773,1566,1583,1395,1962,1074,2221
535,1164,867,1166,752,956,1017,695,1259
536,1361,1716,1624,1427,1345,1778,1080,2012
537,1376,1841,1663,1544,1311,1944,993,2081
538,677,1131,867,899,684,1189,531,1325
539,1428,1971,1845,1553,1468,2022,1199,2280
540,644,853,739,645,509,841,368,956
541,1401,2042,1700,1623,1312,2122,929,2331
542,755,772,758,659,623,755,403,881
543,1030,1672,1061,1509,964,1532,665,1526
544,610,750,702,617,599,652,386,849
545,726,894,847,776,597,726,408,923
546,606,728,733,621,698,737,421,973
547,660,773,724,654,776,873,514,1190
548,791,1319,888,1064,828,1247,492,1542
549,966,1269,1181,1009,1054,1113,698,1441
550,1064,1218,1149,981,969,1060,677,1318
551,743,659,799,487,711,493,488,704
552,1503,1159,1535,891,1074,745,639,894
553,736,653,818,458,989,686,618,881
554,727,953,779,777,731,801,511,971
555,915,1049,999,908,872,910,638,1080
556,880,1051,894,721,984,905,701,1054
557,449,580,491,453,572,507,378,583
558,814,971,905,795,855,869,580,1021
559,474,142,487,114,169,34,208,66
560,938,146,770,71,1022,145,794,201
561,1542,562,1811,384,2485,504,2086,382
562,2417,859,2823,505,1514,251,1149,197
563,1232,418,1439,346,1685,320,1296,252
564,1926,1072,2485,812,3047,1027,2749,839
565,0,0,0,0,1401,809,1214,688
566,0,0,0,0,0,0,0,0
567,1952,1241,2151,920,1513,262,1209,238
568,1350,830,1480,628,926,346,844,266
569,685,405,891,342,981,314,807,260
570,1250,652,1403,438,1415,401,1243,319
571,683,153,728,72,786,64,565,61
572,2073,832,2364,528,2568,422,2057,355
573,568,392,635,304,1608,338,1422,277
574,1760,506,1939,337,1982,335,1629,262
575,1445,407,1570,282,1752,256,1331,223
576,1652,353,1838,232,1930,172,1498,161
577,1844,285,2057,171,1404,94,1049,82
578,616,44,600,22,565,6,390,16
579,1290,297,1456,166,1711,160,1258,129
580,648,126,690,79,714,66,514,59
581,1218,331,1382,168,1496,189,1197,145
582,1587,389,1919,196,1757,135,1233,117
583,531,118,631,78,1356,196,1097,135
584,1180,202,1330,114,1437,71,1046,62
585,590,148,739,81,1308,142,1213,96
586,1408,209,1684,110,1665,94,1314,78
587,609,91,676,51,500,33,335,16
588,947,267,940,192,1109,205,829,166
589,2279,112,2348,35,2591,26,2058,53
590,450,42,495,18,615,10,437,12
591,616,54,660,20,712,22,540,17
592,1352,117,1511,50,1617,51,1223,31
593,566,85,656,40,675,31,516,18
594,1317,163,1393,76,1868,79,532,32
595,772,126,690,50,583,36,1287,62
596,1783,502,2006,297,1900,201,1581,135
597,1499,238,1755,134,1947,138,1588,109
598,1582,421,1783,222,2017,202,1690,150
599,2089,738,2507,477,2364,388,1932,284
600,2055,1731,2445,1291,3173,1406,2936,1035
601,1430,287,1578,154,702,69,557,63
602,1596,248,1782,117,2327,112,1844,105
603,702,116,713,87,1840,126,1551,102
604,1009,115,1114,41,801,26,671,25
605,967,61,999,24,1154,22,944,24
606,668,31,744,14,925,6,656,10
607,1758,102,1862,42,2058,42,1511,49
608,797,37,860,13,985,12,732,19
609,3067,142,3223,47,3467,54,2610,56
610,2177,286,2309,149,1462,93,1081,70
611,1696,86,1691,21,905,11,610,16
612,847,32,929,13,1828,19,1364,20
613,1732,54,1662,11,1887,17,1338,20
614,3149,220,3234,78,2813,67,2164,62
615,783,133,784,87,2424,297,1871,232
616,1975,524,2156,375,1550,180,1345,135
617,2603,1167,2960,802,2824,570,2459,373
618,527,403,665,311,1345,653,1258,468
619,547,447,577,328,0,0,0,0
620,1190,1262,1305,1051,997,766,885,587
621,657,860,729,780,706,696,685,501
622,469,540,502,457,1013,848,1101,618
623,1186,1196,1357,945,851,530,805,358
624,0,0,0,0,393,234,399,168
625,2123,575,2289,356,2450,306,1883,228
626,738,66,766,34,252,5,204,6
627,1076,98,1202,39,1394,44,1042,32
628,1400,86,799,22,1650,54,1170,50
629,1277,25,1228,13,1343,6,898,13
630,1130,22,1053,15,924,7,527,6
631,1766,41,1738,12,1687,10,1145,11
632,1135,24,1230,7,941,7,641,13
633,1660,35,1765,15,1701,7,1255,15
634,1513,27,1380,6,1533,3,995,20
635,621,25,703,4,1915,69,1372,65
636,927,49,933,19,958,19,717,29
637,518,117,559,103,0,0,0,0
638,1056,235,1177,175,1767,278,1655,184
639,1180,493,1269,367,997,340,904,245
640,1976,1318,2173,1005,1677,820,1606,577
641,792,369,808,289,715,311,706,180
642,689,306,742,224,655,190,680,132
643,2206,828,2407,602,2441,766,2223,461
644,1323,598,1332,485,1138,449,1052,337
645,830,126,1024,164,2438,317,2148,211
646,1056,168,1174,125,0,0,0,0
647,502,33,523,18,2043,103,1570,101
648,1105,24,1050,3,843,5,531,8
649,0,0,0,0,711,4,486,3
650,0,0,0,0,0,0,0,0
651,851,19,938,5,1345,6,859,14
652,0,0,0,0,663,8,0,0
653,990,28,1494,23,600,2,797,18
654,606,22,642,11,744,5,460,11
655,1407,103,1381,34,1412,46,1095,35
656,590,66,654,37,1127,38,828,42
657,838,345,975,266,989,246,860,184
658,1609,856,1704,678,1710,621,1620,445
659,0,0,0,0,0,0,0,0
660,656,45,632,18,720,13,443,24
661,428,48,443,15,495,9,374,11
662,650,31,709,21,858,17,569,20
663,875,22,880,9,1075,5,734,10
664,1696,458,1881,418,1349,517,1330,324
665,933,129,999,90,0,0,0,0
666,1251,381,1324,280,1274,350,1183,240
667,1045,400,1113,365,0,0,0,0
668,1628,773,1740,580,1064,546,953,361
669,905,296,941,277,1013,366,919,245
670,607,396,648,360,1271,579,1343,419
671,0,0,0,0,0,0,0,0
672,620,89,659,51,710,51,470,32
673,507,92,558,57,518,28,330,29
674,1200,510,1328,383,1445,416,1249,327
675,868,586,915,530,929,538,904,353
676,435,342,431,302,471,298,377,264
677,368,437,367,399,383,412,354,287
678,692,1026,770,849,727,788,685,632
679,900,836,957,687,1034,701,855,615
680,0,0,0,0,0,0,0,0
681,319,146,340,107,378,87,297,87
682,1034,126,1119,79,441,30,290,24
683,842,84,692,49,1031,71,704,65
684,610,77,607,48,707,31,534,24
685,412,60,439,28,567,37,419,35
686,725,12,769,23,1465,71,1195,115
687,0,0,0,0,0,0,0,0
688,1248,878,1509,751,1346,829,1311,457
689,0,0,0,0,0,0,0,0
690,1573,1153,1658,878,1425,987,1298,552
691,399,109,537,94,604,99,465,51
692,0,0,0,0,987,83,718,61
693,336,84,279,34,259,17,195,21
694,307,79,350,51,717,71,592,54
695,781,258,800,149,714,156,646,121
696,210,110,250,52,829,135,631,149
697,208,105,194,63,0,0,0,0
698,217,99,253,57,0,0,0,0
699,619,183,645,100,846,103,727,114
700,1034,280,1065,168,974,78,705,68
701,367,133,381,63,1035,106,817,109
702,335,113,380,66,453,56,354,61
703,0,0,0,0,554,59,430,64
704,642,234,678,134,368,40,293,44
705,987,319,1056,207,1111,151,982,144
706,915,369,1004,269,1937,384,1724,341
707,1020,493,1031,300,1201,253,1047,243
708,0,0,0,0,0,0,0,0
709,1197,562,1109,345,0,0,0,0
710,0,0,0,0,0,0,0,0
711,774,336,837,197,839,114,660,113
712,271,81,320,62,581,80,440,88
713,737,354,826,253,1301,340,1206,254
714,1185,490,1391,425,1395,416,1252,315
715,668,394,695,345,735,319,717,242
716,1176,642,1277,503,1133,399,1108,308
717,600,262,621,216,937,295,914,218
718,397,230,414,186,422,180,423,141
719,898,747,866,580,900,523,812,437
720,570,242,630,164,540,107,429,106
721,374,139,394,98,473,85,367,96
722,486,169,516,133,1181,258,1089,248
723,548,358,496,286,0,0,0,0
724,1501,1282,1547,1017,1923,1127,1765,947
725,933,766,1005,657,1034,641,1006,475
726,599,626,606,536,678,512,634,438
727,1127,1095,1072,902,1096,920,921,818
728,764,798,751,698,740,668,679,599
729,1106,1350,1075,1194,1188,1160,976,1039
730,1062,1108,1003,973,930,801,780,706
731,1306,1511,1414,1257,1482,1251,1221,1101
732,1267,1071,1299,1003,1501,1216,1279,1084
733,1697,1691,1526,1330,387,368,356,328
734,666,425,680,372,843,385,721,319
735,1421,803,1403,601,1491,521,1346,493
736,423,323,396,255,466,259,428,210
737,904,702,857,527,1132,598,1048,539
738,405,233,382,151,401,113,369,115
739,434,217,378,169,413,168,377,130
740,1461,1056,1614,832,1427,708,1375,587
741,1816,1283,1930,1059,1757,968,1653,805
742,1122,600,1147,532,1365,608,1371,486
743,431,337,410,294,1114,784,966,731
744,483,484,483,437,0,0,0,0
745,0,0,0,0,0,0,0,0
746,993,836,977,710,1027,726,934,663
747,1069,773,1068,642,1041,559,947,499
748,537,258,566,195,581,203,480,176
749,1150,1274,1131,1163,1108,931,986,807
750,258,205,223,127,652,373,573,338
751,2211,1992,2164,1794,2028,1646,1679,1499
752,928,904,986,794,1039,768,903,747
753,1609,1252,1747,1100,1562,1258,1849,866
754,716,742,822,736,766,679,908,514
755,1685,1379,1751,1209,1660,1469,1882,911
756,505,685,536,617,493,678,585,494
757,1488,1350,1649,1203,2322,1308,2142,1067
758,2191,1993,2788,1486,2333,1313,2266,971
759,1468,1151,1601,1012,2305,1349,1876,858
760,1282,899,1335,777,1033,632,1252,583
761,2212,1508,2460,1264,2018,1237,2185,868
762,945,1120,1057,952,833,792,1179,662
763,2346,2292,2688,2054,2491,2299,2996,1460
764,1220,1055,1343,914,1494,1310,1464,542
765,495,268,1060,374,1004,378,1107,239
766,1088,523,1920,626,1862,699,1992,424
767,797,377,1600,552,1401,529,1590,340
768,763,442,1855,702,2053,774,1843,404
769,487,737,557,642,555,660,526,522
770,576,720,646,634,602,637,644,427
771,1535,2189,1779,1903,1186,1185,1220,816
772,841,1146,956,1009,1142,1422,1168,1107
773,0,0,0,0,473,748,614,501
774,683,864,773,747,722,749,824,479
775,989,949,1093,752,1129,779,1214,532
776,1515,1353,1677,1059,1718,1102,1727,672
777,2003,1876,2225,1542,2315,2076,2555,1336
778,1348,1441,1536,1256,1655,1660,2036,1110
779,524,696,581,633,669,820,748,543
780,639,616,758,500,757,531,802,359
781,489,453,551,353,0,0,0,0
782,1493,1211,1551,977,1929,1213,1591,998
783,475,402,448,333,625,414,513,374
784,941,1046,991,802,1208,1016,1026,869
785,1042,1033,1086,839,1087,940,870,833
786,499,546,514,487,750,782,599,645
787,881,946,855,861,0,0,0,0
788,969,1071,955,936,1491,1625,1185,1448
789,1068,1118,1098,936,1327,1143,1083,961
790,983,1191,1102,1047,1216,1145,1038,992
791,527,567,516,519,0,0,0,0
792,893,1093,869,976,705,796,581,775
793,887,966,823,844,774,826,678,745
794,987,1063,991,948,1235,1264,1016,1114
795,1605,1729,1688,1353,661,547,534,467
796,1266,1267,1271,1084,1358,1109,1176,893
797,0,0,0,0,682,696,645,539
798,1030,1156,1002,961,1249,1278,1133,1155
799,1069,800,1112,588,1104,617,1025,478
800,873,1268,892,1151,885,1258,852,1175
801,1326,2004,1421,1813,1387,1978,1308,1638
802,949,1047,1009,979,963,1052,852,972
803,317,359,326,315,1248,1165,1039,1103
804,766,748,796,675,481,476,476,461
805,544,562,568,486,1164,990,976,882
806,1789,1776,1899,1492,1687,1449,1381,1227
807,1011,1060,1032,942,1089,1055,951,998
808,1543,1630,1591,1464,1456,1479,1403,1274
809,1175,1943,1272,1790,1232,1854,1151,1594
810,577,923,621,824,630,945,574,799
811,933,1611,963,1457,1066,1342,959,1295
812,1356,1733,1477,1536,1406,1768,1342,1303
813,1483,2001,1623,1775,1524,1919,1514,1538
814,1872,2575,2210,2503,2200,2717,2062,2386
815,1074,1735,1265,1665,1094,1649,985,1461
816,636,898,767,985,1088,1652,1129,1493
817,1043,1683,1139,1501,1269,1861,1377,1620
818,1746,2076,1736,1760,1913,2273,1670,1918
819,1216,1500,1287,1324,1398,1662,1258,1548
820,1255,1523,1416,1415,1442,1714,1393,1418
821,1174,1366,1242,1083,1300,1545,1074,1052
822,2392,3343,2832,3249,2389,2839,2244,3103
823,1164,1150,1193,923,1114,950,934,846
824,1585,1444,1565,1274,1483,1264,1212,1183
825,429,387,377,320,426,363,372,403
826,879,873,848,803,649,553,589,640
827,768,634,617,531,745,636,554,540
828,684,586,708,540,737,629,614,636
829,699,609,731,510,666,567,543,509
830,1429,1151,1382,1001,1137,796,1254,926
831,762,602,783,502,628,440,590,509
832,1108,850,1133,720,1192,834,1034,863
833,805,617,755,566,1206,919,698,689
834,1277,1225,1361,1167,1458,1196,938,952
835,1165,1033,1371,986,1287,992,1237,844
836,1504,1244,1492,1138,1690,1304,1439,1158
837,2028,2883,2305,2469,1396,1639,1649,1250
838,774,30,832,12,925,8,636,15
839,499,20,480,8,500,14,405,9
840,764,17,801,1,695,5,538,12
841,619,25,687,7,782,16,529,20
842,613,44,754,12,800,4,588,18
843,592,21,760,15,1170,14,782,26
844,480,55,568,41,506,57,509,41
845,1247,99,1346,48,1434,56,1010,51
846,670,44,729,31,0,0,0,0
847,448,254,487,174,554,319,673,235
848,1228,942,1657,828,846,630,866,355
849,538,178,659,179,798,333,942,288
850,589,258,620,175,379,77,301,74
851,1815,750,1913,570,2138,531,1757,495
852,0,0,0,0,0,0,0,0
853,589,267,728,227,1976,835,1892,468
854,1621,2544,1757,2345,1288,2039,1281,1872
855,976,1647,1209,1692,1224,1931,1214,1737
856,771,448,1018,484,1086,828,1284,559
857,1975,1036,2020,1017,1995,1009,2201,677
858,1009,1408,1007,1278,993,1371,715,1557
859,1237,1573,1448,1379,1368,1670,975,1999
860,1053,1084,1174,834,1392,1166,998,1201
861,1033,1128,1241,902,929,733,713,835
862,973,1055,1155,877,1142,1011,836,1193
863,878,940,988,758,896,791,680,949
864,892,1021,976,883,753,850,527,1068
865,774,904,896,731,811,860,608,959
866,1125,1263,1314,1025,1231,1223,999,1595
867,927,985,969,840,865,1048,701,1177
868,636,811,721,621,663,823,424,981
869,593,860,623,588,537,779,319,933
870,603,1020,681,765,597,922,376,1066
871,503,610,555,445,502,545,313,750
872,684,677,795,507,665,544,410,786
873,1040,1079,1176,787,1104,922,703,1268
874,1080,1395,1309,1185,1152,1410,770,1765
875,868,1083,966,897,851,1016,559,1232
876,1600,2523,2132,2120,1929,2732,1365,3386
877,386,620,419,499,434,717,266,609
878,1604,1759,1746,1497,1321,1545,1101,1891
879,344,304,405,247,321,291,248,334
880,766,648,859,571,1150,942,698,913
881,524,622,632,538,454,465,441,616
882,1188,1268,1285,1104,1046,1114,782,1177
883,501,639,625,584,576,679,483,746
884,646,827,719,730,641,828,556,883
885,446,538,493,477,467,542,328,608
886,668,980,728,812,518,786,441,828
887,709,681,801,562,752,647,536,765
888,562,847,663,748,703,1067,585,1094
889,888,724,1060,599,754,513,711,711
890,1232,894,1472,662,1315,781,933,957
891,1298,775,1529,568,450,267,335,249
892,1145,1125,1325,734,1342,833,1060,833
893,653,490,786,357,851,507,686,515
894,985,544,1156,386,1938,711,1925,604
895,792,893,975,668,1306,1062,1113,985
896,996,1112,1223,788,848,792,716,705
897,1224,1284,1371,988,1151,860,955,824
898,609,595,645,454,595,477,532,432
899,475,473,554,385,567,412,533,358
900,998,1168,1258,964,1913,1797,1635,1649
901,1037,1262,1261,941,1521,1489,1418,1607
902,1804,2522,2749,2553,1610,1801,1055,1224
903,350,304,417,215,694,564,550,527
904,1357,1314,1546,982,617,445,573,382
905,503,600,540,425,1223,1177,1173,1258
906,628,736,748,536,985,840,798,882
907,1327,1722,1537,1358,1586,1880,1011,1071
908,1491,1760,2211,1583,1941,1917,1579,1944
909,333,326,726,445,692,579,564,630
910,500,527,567,378,0,0,0,0
911,1991,2169,2490,1641,2664,2469,1987,2760
912,1420,1862,1867,1548,1705,1959,1523,2154
913,1694,1335,2066,1146,2173,1626,1749,1913
914,466,343,492,260,574,430,408,442
915,260,236,343,219,492,368,344,404
916,980,808,1328,668,326,244,241,283
917,1139,2238,1476,1896,464,954,531,799
918,696,1057,1016,1187,701,1106,1160,1556
919,667,1016,802,679,950,1120,1052,1414
920,768,1040,842,741,886,1056,785,951
921,1317,2590,2095,2568,1772,3058,1579,3350
922,673,1323,978,1145,996,1723,797,1976
923,1236,1916,1578,1544,1376,1833,1025,2082
924,1556,2222,1890,1755,1678,2187,1100,2761
925,1225,1780,1632,1408,1363,1922,1017,2167
926,640,1356,841,1130,749,1326,580,1453
927,1105,1718,1453,1346,1232,1712,925,1926
928,801,1112,962,819,808,1002,539,1192
929,1430,1690,1733,1415,1765,1970,1685,2626
930,1028,933,1201,740,1155,897,830,991
931,680,1774,796,1671,657,1840,593,1757
932,585,1392,746,1293,676,1482,622,1386
933,1048,2229,1347,2221,1155,2307,931,2119
934,448,632,490,547,830,1066,760,896
935,1198,1759,1326,1579,1018,1567,933,1362
936,1222,1819,1480,1829,1277,1857,1307,1765
937,1557,3304,1710,2674,1066,1880,1058,1732
938,994,2375,1572,2709,2023,4183,2044,3498
939,1015,2011,1064,1641,1811,3333,1435,1910
940,859,1649,915,1493,380,779,838,1145
941,1150,2038,1311,1876,1105,1660,1367,1608
942,956,2546,1072,2411,881,2469,981,2070
943,821,1353,901,1223,841,1292,872,1024
944,719,1736,855,1649,751,1661,1006,1572
945,1009,2179,1053,1675,1577,2982,1726,2250
946,1454,2537,1735,2569,690,1386,1173,1544
947,1391,2339,1516,2088,1706,2992,1534,1762
948,608,1232,690,1024,715,1341,990,1064
949,1048,1053,997,899,897,972,615,1169
950,1133,800,1105,717,979,822,729,1037
951,966,767,942,655,856,796,617,916
952,1741,1864,1845,1738,1291,1368,1143,1318
953,1686,1208,1878,1067,1310,940,1086,873
954,1601,1219,2024,1221,1769,1201,1649,1420
955,1906,2124,2018,2065,1865,2243,1609,2358
956,1017,1021,975,991,1049,1286,763,1481
957,1137,1116,1105,1010,1224,1370,879,1510
958,1122,1118,1016,1065,871,1193,653,1396
959,1051,991,982,915,885,994,643,1166
960,1088,1009,966,897,913,987,688,1197
961,1431,1316,1393,1239,1317,1410,938,1700
962,1165,1210,1076,1200,1013,1272,754,1452
963,649,731,622,659,544,655,398,775
964,1488,1741,1535,1667,1334,1626,983,1545
965,1271,1670,1379,1618,1385,1814,1168,2199
966,1088,1351,1077,1274,998,1424,733,1552
967,1098,1206,1025,1055,953,1066,767,1176
968,844,870,821,758,731,846,493,1048
969,1769,1106,1830,983,1508,1150,1168,1451
970,1592,1375,1741,1122,1496,1437,1257,1603
971,1108,570,1232,428,1198,663,1001,477
972,3289,2079,3665,1660,3153,1742,2495,1395
973,2332,1778,2661,1548,2179,1636,1907,1798
974,1282,1063,1428,887,1511,1329,1282,1502
975,1570,1507,1823,1194,1738,1534,1607,1607
976,1061,903,1472,889,1401,989,1337,1165
977,1465,1088,1775,913,1517,882,1392,949
978,846,511,997,391,794,438,682,369
979,920,422,903,340,761,421,606,306
980,1727,1147,1952,935,1908,1309,1589,1386
981,1710,1760,2003,1496,1742,1812,1326,1822
982,1190,1237,1335,1024,1169,1273,880,1475
983,1036,1075,1215,860,1217,1254,877,1438
984,927,687,931,616,680,487,469,545
985,528,592,561,467,465,528,325,617
986,551,516,526,372,383,291,261,331
987,530,726,573,588,528,698,364,817
988,777,716,753,558,614,626,371,811
989,136,78,166,80,657,169,548,169
990,1078,485,1093,357,1090,356,913,257
991,1889,303,2008,204,1534,124,1125,106
992,1515,409,1488,285,717,71,488,88
993,724,77,712,38,1500,75,1075,79
994,2254,1234,2347,813,2204,728,1658,660
995,1769,887,1887,657,1657,597,1253,561
996,1453,1080,1250,607,1362,808,1169,740
997,1632,1042,1699,816,1389,748,1066,652
998,700,866,1064,1003,1090,1133,1025,1131
999,1671,1388,2129,1344,1945,1261,1407,903
1000,727,503,790,405,414,226,326,205
1001,793,649,818,468,0,0,0,0
1002,744,458,815,307,1656,726,1181,665
1003,1932,2045,2113,1613,2878,2072,2371,1733
1004,1502,876,1579,680,1927,1205,1453,1088
1005,1704,1268,1889,934,1273,891,717,447
1006,1188,891,1228,659,1184,567,877,550
1007,284,211,306,143,1513,560,1148,498
1008,2502,2132,2650,1733,2056,1392,1701,1253
1009,725,965,787,842,735,933,538,906
1010,2145,2870,2516,2579,1852,2351,1788,2269
1011,564,735,661,651,762,967,852,757
1012,920,1493,1076,1253,1354,1223,1182,1066
1013,1558,2537,1636,2367,1573,1999,1188,2219
1014,607,931,710,881,1048,1393,763,1118
1015,1103,1015,1064,860,1646,1185,1319,944
1016,1457,1606,1757,1486,1425,1425,1142,1374
1017,634,905,783,918,1172,1208,1162,1546
1018,1167,1624,1566,1648,1301,1341,1328,1521
1019,1010,1112,1140,1000,1044,1077,861,989
1020,934,1817,1090,1673,1022,1737,784,1634
1021,487,910,531,823,587,1033,454,1020
1022,794,1536,875,1445,837,1587,668,1623
1023,472,1062,514,1038,520,1315,435,1313
1024,953,2117,1005,2035,864,2196,706,2140
1025,547,1013,662,978,733,1270,524,1332
1026,1105,2005,1349,1741,1202,1594,1070,1617
1027,908,1257,982,979,963,1308,826,1241
1028,1275,2175,1431,1882,1365,2222,1091,2044
1029,628,1335,804,1338,658,1316,547,1323
1030,1048,2335,1312,2161,1272,2452,1052,2523
1031,861,1986,1001,2045,1027,2506,860,2377
1032,130,233,125,185,0,0,0,0
1033,769,647,838,465,812,490,603,602
1034,1063,1230,1223,905,1251,1046,907,1161
1035,816,906,877,586,788,507,548,494
1036,688,898,871,611,968,753,705,806
1037,1165,1155,1232,731,1150,777,806,950
1038,0,0,0,0,0,0,0,0
1039,1632,1056,1716,776,932,483,773,429
1040,647,277,641,203,713,202,415,274
1041,671,282,684,187,833,241,532,306
1042,1733,1033,1725,827,1765,1059,1405,1022
1043,772,478,763,353,776,351,583,341
1044,1837,1161,1870,927,948,577,754,507
1045,0,0,0,0,1936,1150,1540,1097
1046,696,705,820,534,893,796,817,671
1047,1537,762,1508,562,0,0,0,2
1048,1813,881,1895,666,1831,857,1370,906
1049,1940,1089,2085,939,1991,1092,1551,1288
1050,1826,1374,2034,1184,1748,1281,1467,1317
1051,2746,2461,2911,1948,2048,1751,1793,1496
1052,675,615,683,549,1655,1514,949,989
1053,2307,2090,3181,1965,2414,1795,2819,2255
1054,1635,974,1589,838,2675,1353,1957,1480
1055,1024,216,1123,136,770,107,625,110
1056,1048,593,1141,431,812,241,602,254
1057,1406,834,1396,650,1631,594,1160,705
1058,1418,351,1457,234,1064,144,738,174
1059,979,494,1030,394,1074,405,841,393
1060,973,697,956,542,1404,784,974,875
1061,450,337,424,299,509,295,359,326
1062,932,855,1048,753,915,663,700,813
1063,561,293,557,262,517,427,392,356
1064,942,1110,1014,1030,1104,926,899,1037
1065,533,309,496,274,1119,504,910,481
1066,1265,1095,1520,990,987,761,832,654
1067,1129,1434,1315,1281,1404,1396,1203,1431
1068,567,707,609,600,598,657,433,728
1069,1817,1485,2038,1131,1944,1351,1417,1598
1070,2094,1352,2491,1124,2538,1287,2313,1333
1071,1658,899,1877,741,1963,826,1636,941
1072,1693,1317,1824,1123,1742,1221,1465,1370
1073,2205,1809,2500,1466,2489,1753,1978,1843
1074,782,868,858,705,801,842,631,880
1075,652,855,750,740,676,831,506,811
1076,944,1124,1014,878,863,1065,499,1193
1077,644,565,660,512,561,543,357,721
1078,652,613,608,496,586,571,389,711
1079,770,939,722,796,595,787,347,977
1080,810,744,851,571,792,710,579,962
1081,503,529,448,351,557,572,646,444
1082,1837,1942,2259,1985,1386,1426,1354,1321
1083,927,1472,1121,1534,1123,1813,1101,1792
1084,1465,2079,1710,1931,1525,2099,1395,1864
1085,2185,2950,2372,2994,2247,3359,1979,3563
1086,1376,1420,1511,1476,1435,1672,1127,1681
1087,1046,1160,1328,1296,1083,1203,971,1384
1088,1444,1776,1505,1766,1519,2236,1205,2440
1089,1195,1209,1114,1180,999,1305,659,1506
1090,1773,2022,1909,2051,1748,2220,1376,2415
1091,1102,1056,1354,1183,1188,1134,1134,1101
1092,1330,1665,1666,1758,2540,3078,2455,3171
1093,1091,1399,1125,1338,899,1205,812,1170
1094,1510,2000,1755,1994,1661,2181,1268,2370
1095,1715,1549,1988,1267,1838,1232,1363,1540
1096,1282,1338,1520,1097,1510,1246,1044,1544
1097,1678,1293,2023,1025,2245,1351,1781,1567
1098,1414,1283,1667,1094,1530,928,1198,998
1099,646,563,774,428,931,595,745,670
1100,856,859,954,696,1010,825,830,904
1101,1756,1508,2132,1280,2361,1357,2033,1469
1102,975,710,1133,563,987,463,860,512
1103,1305,980,1596,755,1623,1016,1381,1088
1104,1079,1209,1222,936,1252,1154,887,1423
1105,1375,1462,1678,1171,1480,1111,1182,1404
1106,660,647,747,455,859,629,568,679
1107,967,1014,1183,795,1110,931,818,1001
1108,884,1047,1005,811,894,854,683,978
1109,809,790,818,672,811,706,616,799
1110,1075,1340,1129,1195,1215,1397,1003,1506
1111,484,542,456,457,464,452,313,590
1112,446,559,524,443,473,546,328,705
1113,713,673,833,621,629,487,561,609
1114,722,1097,921,902,530,752,368,926
1115,348,410,352,298,613,766,408,888
1116,815,1200,924,909,766,1103,519,1285
1117,699,941,923,791,848,794,580,911
1118,990,1227,1262,941,1139,1063,819,1172
1119,1095,1192,1255,859,1106,788,763,901
1120,651,1050,772,812,683,940,437,1100
1121,1145,1207,1239,962,1038,1154,778,1290
1122,696,1311,851,1029,755,1219,469,1402
1123,618,1210,744,982,743,1283,444,1519
1124,878,1305,1016,1053,779,1160,484,1376
1125,837,884,881,724,1447,1151,1210,1003
1126,630,400,717,299,596,292,426,314
1127,1673,1402,1779,1109,584,468,481,401
1128,2058,1821,2139,1542,2715,2144,2205,1834
1129,846,725,824,665,1502,991,1165,989
1130,679,356,686,243,93,52,43,39
1131,1688,1121,1599,964,1726,973,1253,942
1132,2844,2242,3172,2086,2398,1842,1994,1926
1133,0,0,0,0,575,453,397,464
1134,1006,846,1060,710,1589,1474,1308,1339
1135,343,482,406,447,318,462,235,462
1136,1005,1455,1299,1366,1123,1640,917,1646
1137,897,1213,959,1064,871,1202,807,1208
1138,516,896,677,745,562,863,433,861
1139,1853,2576,2154,2318,2084,2871,1638,2505
1140,845,1090,978,1020,653,885,695,1004
1141,1330,1596,1640,1558,1399,1769,1215,1685
1142,767,946,816,892,807,1092,615,1139
1143,1407,2092,2398,2752,2097,2900,2080,2753
1144,845,1306,965,1267,666,972,593,878
1145,739,1553,824,1443,743,1602,701,1852
1146,525,1046,601,931,537,1059,411,1063
1147,524,1218,584,1109,533,1305,389,1314
1148,648,1488,721,1340,622,1541,486,1450
1149,827,3627,990,3429,922,3616,690,3063
1150,1404,975,1526,778,756,453,613,380
1151,740,1122,835,880,682,1081,395,1274
1152,530,876,608,684,520,830,288,1012
1153,710,730,681,586,557,664,315,875
1154,731,1307,950,1076,801,1359,559,1520
1155,508,673,799,691,651,819,502,887
1156,610,874,690,669,552,848,334,1011
1157,911,741,925,594,1030,796,792,1004
1158,1057,615,1054,476,935,578,689,827
1159,838,440,793,384,618,493,401,638
1160,1287,763,1176,628,927,614,695,785
1161,915,602,924,457,760,486,574,642
1162,774,561,777,442,716,566,465,783
1163,1298,1219,1538,1033,1799,1601,1418,1946
1164,995,937,1134,794,1113,885,865,1100
1165,880,850,919,651,925,743,636,917
1166,938,660,955,574,864,616,670,772
1167,1160,881,1248,668,1284,885,1038,1060
1168,1369,1233,1564,911,1420,906,1269,992
1169,932,1010,1028,832,958,879,729,1036
1170,1350,1190,1426,955,1292,1033,1013,1164
1171,1295,950,1323,776,1301,880,1017,1063
1172,933,650,1044,501,1091,562,789,634
1173,1059,1651,1225,1413,1052,1491,834,1652
1174,1386,2268,1626,1950,1492,2182,1224,2373
1175,1244,1985,1361,1771,1180,1904,998,1863
1176,1091,1601,1235,1420,1136,1610,925,1644
1177,1060,2322,1296,2125,1220,2316,1090,2422
1178,377,898,457,851,429,1061,304,812
1179,1178,2632,1447,2436,1361,2715,1091,2726
1180,814,1312,938,1072,879,1197,737,1186
1181,1022,1872,1364,1668,1212,1904,976,1905
1182,708,676,999,625,1086,689,878,660
1183,1607,1104,2017,1020,1218,743,957,680
1184,719,576,854,494,1332,814,1175,806
1185,1051,1532,1213,1228,1241,1432,907,1576
1186,713,861,880,717,787,718,658,690
1187,739,867,879,685,752,683,610,634
1188,1056,1506,1136,1272,1371,1770,1140,1706
1189,1346,2039,1809,1873,1182,1430,976,1436
1190,217,318,334,286,683,798,555,788
1191,1148,1808,1522,1746,1302,1978,1069,1928
1192,443,717,646,734,655,976,602,1017
1193,783,999,1028,845,1120,1161,1007,1208
1194,1107,1506,1335,1247,1190,1485,1049,1355
1195,398,711,457,632,454,697,463,662
1196,920,1686,1087,1386,919,1462,891,1381
1197,646,848,935,866,908,1105,663,1444
1198,1106,1938,1544,1677,1251,1872,911,1840
1199,575,533,594,482,580,537,436,642
1200,638,616,616,561,598,572,430,697
1201,711,900,709,832,729,952,529,1150
1202,1658,1578,1623,1390,1388,1408,1008,1541
1203,1123,1135,1151,1038,1152,1230,878,1404
1204,414,959,502,901,370,785,325,803
1205,453,1641,614,1513,533,1679,465,1655
1206,905,2299,1082,2157,1102,2857,932,2686
1207,748,1774,955,1735,871,2081,704,2099
1208,1499,3531,1709,3262,1146,2920,1073,2702
1209,1381,2543,1448,2396,880,1954,791,1902
1210,630,1286,811,1113,657,1157,486,1039
1211,473,894,591,819,969,1707,818,1656
1212,686,1399,891,1215,1253,2202,1216,2193
1213,1036,1987,1376,1814,970,1706,794,1439
1214,254,475,317,365,471,829,422,734
1215,414,747,451,629,376,663,291,602
1216,745,2467,893,2248,770,2632,641,2549
1217,872,1784,1120,1704,909,1717,739,1728
1218,746,1513,974,1451,1157,2239,1031,2135
1219,617,1445,672,1228,671,1719,599,1703
1220,633,1833,713,1706,654,1916,584,1795
1221,585,1151,757,1095,518,950,393,824
1222,676,1943,888,1983,894,2563,819,2448
1223,803,2370,1018,2388,857,2391,782,2312
1224,483,1286,521,1249,402,1221,355,1185
1225,806,1938,1052,1971,975,2537,847,2464
1226,982,2946,1174,2814,1303,4198,1241,3998
1227,906,2305,915,2352,573,1580,576,1513
1228,942,2265,1072,1973,1248,2794,1357,2632
1229,1157,2811,1489,2753,850,1883,943,1846
1230,804,1414,949,1245,610,1377,785,1384
1231,584,1617,765,1650,1177,2508,843,1714
1232,831,1489,919,1337,641,1121,599,989
1233,989,1663,1046,1446,1140,1736,1049,1497
1234,1012,1751,1125,1520,682,1080,642,958
1235,488,979,585,933,759,1465,804,1225
1236,820,1719,936,1545,1088,2037,1163,1757
1237,1183,2549,1462,2538,1243,2487,1351,2322
1238,1134,2315,1449,2351,1420,2692,1523,2291
1239,947,1888,1101,1727,1143,2267,1321,2027
1240,459,669,441,569,431,647,323,560
1241,808,1691,892,1560,696,1337,673,1108
1242,581,1899,926,1935,661,1531,832,1345
1243,792,1956,876,1860,801,1910,795,1410
1244,427,1097,515,965,536,1491,644,1151
1245,1027,2167,1135,1989,1274,2435,1367,1962
1246,1084,2406,1174,2284,997,2249,1164,1751
1247,1289,3042,1489,2721,1388,2968,1706,2285
1248,817,1760,975,1562,1469,2858,1618,2286
1249,698,1252,744,1158,466,813,466,686
1250,575,1479,770,1372,652,1464,777,1216
1251,1302,3268,1489,2957,995,2371,1247,1971
1252,541,1133,642,1041,808,1591,773,1153
1253,1452,2669,1676,2433,1397,2528,1356,2149
1254,1138,1772,1236,1621,1007,1657,962,1424
1255,950,1676,1023,1466,1007,1661,1002,1401
1256,1033,1783,1137,1554,1150,1782,1087,1464
1257,1453,2790,1626,2620,1442,2945,1546,2314
1258,724,1441,790,1342,1402,3109,1401,2695
1259,452,983,505,887,603,1156,600,986
1260,1581,2980,1749,2968,1193,2244,1210,2116
1261,841,1853,892,1754,788,2115,808,1941
1262,390,788,452,799,824,1921,783,1655
1263,1123,2187,1301,2151,974,2269,955,1958
1264,797,1900,916,1843,921,2145,846,2111
1265,417,848,516,895,173,403,177,385
1266,1132,2760,1356,2746,1253,2922,1212,2884
1267,983,2324,1081,2259,932,2377,825,2189
1268,644,1548,765,1502,736,1818,653,1798
1269,475,1124,518,995,455,1127,418,987
1270,1238,2859,1652,2679,1685,3476,1764,3070
1271,1103,2197,1228,2118,761,1469,773,1360
1272,900,1789,1083,1558,1232,1903,1163,1568
1273,1076,1472,1353,1335,1128,1345,1044,1057
1274,1109,1689,1243,1423,1166,1532,1069,1303
1275,1062,1377,1166,1180,636,714,536,610
1276,926,1285,921,1129,1407,1669,1345,1382
1277,399,612,428,520,1467,1601,1017,1226
1278,1027,936,1229,784,875,758,815,685
1279,0,0,0,0,16,16,21,20
1280,1251,1553,1436,1429,935,935,731,737
1281,379,612,511,609,449,692,437,552
1282,1086,2075,1188,1859,1020,1672,1131,1576
1283,372,439,406,375,389,496,393,431
1284,628,1376,787,1288,765,1411,780,1241
1285,1572,2910,1760,2562,1408,2318,1276,1902
1286,1127,1615,1208,1452,977,1365,895,1194
1287,667,2084,772,1829,693,1991,880,1962
1288,555,1246,617,1076,565,1291,571,1084
1289,599,1360,743,1326,905,2265,676,1298
1290,1027,2184,1239,2052,1188,2635,1285,2292
1291,1386,2905,1458,2554,1453,3209,1390,2703
1292,510,1228,615,983,726,1576,1063,2053
1293,1047,2548,1244,2480,1495,3362,980,2122
1294,651,1244,763,1219,329,713,330,635
1295,521,1897,735,2084,732,2622,923,2670
1296,1059,2714,1219,2618,666,1781,995,2504
1297,855,3142,1040,2936,1082,3828,1157,3385
1298,519,1126,650,1156,553,1215,519,1000
1299,1004,2372,1282,2188,1016,2354,1015,2076
1300,787,2016,892,1897,871,2481,1039,2061
1301,753,1809,906,1714,759,1819,812,1594
1302,937,2268,1074,2024,1013,2454,994,1840
1303,1034,2755,1132,2713,920,2687,907,2529
1304,662,1642,760,1620,566,1570,533,1436
1305,1018,2353,1179,2314,1598,3705,1627,3373
1306,613,1390,711,1356,796,1889,743,1742
1307,698,1502,890,1548,773,1632,745,1583
1308,913,2468,1097,2261,929,2631,871,2493
1309,572,1131,647,1176,586,1363,555,1289
1310,1163,2651,1286,2524,1020,2513,970,2251
1311,1002,2560,1091,2372,780,2095,826,1866
1312,1025,2029,1204,1908,1354,2647,1249,2392
1313,912,1775,1211,1812,967,2009,1211,2060
1314,759,1596,962,1467,766,1499,717,1338
1315,406,981,480,888,473,1144,482,984
1316,650,1721,794,1761,566,1507,513,1518
1317,642,1799,817,1791,776,2210,778,2089
1318,858,1385,977,1077,804,4210,547,1390
1319,617,942,725,715,628,900,413,1060
1320,919,1164,1072,897,986,1058,732,1180
1321,805,1394,977,1078,827,1223,527,1504
1322,769,1124,813,822,907,1004,737,1048
1323,994,1712,1234,1425,1151,1598,895,1704
1324,844,1372,1053,1016,892,1005,600,1255
1325,1241,2019,1591,1653,1206,1747,914,2047
1326,1312,1389,1534,973,1270,1111,891,1406
1327,995,1294,1223,913,1199,1070,1010,1172
1328,850,1125,979,804,860,937,597,1083
1329,588,1021,774,859,848,1139,588,1360
1330,637,1043,674,836,582,991,423,1143
1331,1075,1253,1161,1135,1111,1296,748,1466
1332,728,828,886,712,739,765,561,942
1333,730,1039,854,827,761,956,541,1104
1334,496,692,548,619,502,673,365,753
1335,772,815,819,668,723,771,487,984
1336,819,1218,926,973,917,1110,666,1275
1337,1108,847,1258,589,761,460,563,484
1338,802,595,889,387,0,0,0,0
1339,1278,1346,1424,1017,1396,1049,1231,970
1340,1202,917,1256,616,160,105,113,114
1341,802,580,993,385,2697,1381,2100,1479
1342,1475,1243,1815,845,1478,995,1176,997
1343,1322,1017,1401,742,771,460,619,448
1344,627,703,794,563,1981,1200,1522,1295
1345,527,512,557,449,702,528,574,555
1346,1447,1275,1582,953,1456,925,1120,941
1347,362,313,369,231,684,473,457,481
1348,555,537,626,395,766,656,642,701
1349,1242,1354,1331,1024,690,567,729,849
1350,1072,1040,1195,784,1368,948,1044,999
1351,1062,1251,1151,1006,901,876,767,890
1352,875,1144,1086,1023,934,1061,759,1142
1353,1231,1810,1500,1578,1713,2032,1338,1596
1354,1108,1613,1495,1381,1640,1670,1472,1598
1355,802,1448,1333,1637,1235,1737,1153,1696
1356,1134,1869,1385,1617,1017,1471,801,1585
1357,1534,2226,1795,1863,1729,2003,1330,2342
1358,807,1204,893,1035,854,1170,601,1391
1359,1011,1907,1211,1641,1207,1676,932,1783
1360,634,1169,810,990,717,1132,518,1214
1361,1214,2036,1555,1860,1125,1804,953,1941
1362,2282,3309,2901,2785,2612,2721,1327,1856
1363,1080,1031,1227,769,1070,1009,1413,1660
1364,1543,1463,1726,1107,1041,921,647,754
1365,991,921,1190,691,1109,921,712,783
1366,581,471,649,357,937,644,761,742
1367,1082,843,1236,582,1294,957,1752,1671
1368,507,389,532,300,446,306,346,323
1369,536,404,558,319,580,398,417,390
1370,424,416,485,334,612,539,479,437
1371,619,710,721,572,890,783,726,700
1372,784,712,890,552,568,499,397,401
1373,896,894,979,669,892,785,709,663
1374,1095,1095,1365,911,679,597,534,550
1375,749,1016,926,919,1180,1038,1093,1091
1376,805,791,914,612,348,306,274,262
1377,1695,2066,2164,1856,3209,3319,2946,3671
1378,1094,1169,1315,956,1063,1280,713,1510
1379,1041,1261,1301,999,1488,1621,979,1417
1380,681,756,790,528,484,492,417,503
1381,865,989,1087,797,740,751,797,1050
1382,688,793,806,610,660,671,692,852
1383,1191,1392,1365,1090,1256,1274,911,1019
1384,1294,1859,1680,1521,1221,1759,1055,1988
1385,734,927,827,734,656,897,476,1037
1386,1069,1226,1167,1030,1013,1256,771,1368
1387,1512,1413,1700,1174,1545,1449,992,1270
1388,1004,773,1060,606,861,784,629,903
1389,936,788,1002,662,954,833,685,815
1390,1061,1122,1206,876,1299,1138,944,1262
1391,1513,1512,1652,1230,1295,1153,1094,1490
1392,1663,2079,1969,1741,1656,1886,1333,2038
1393,1435,1366,1551,1103,1364,1388,976,1822
1394,1169,1167,1232,924,1026,1072,761,1154
